Workbook
Name codes: Specifications!$A$4:$A$5
Name list: Specifications!$A$11:$A$17

Sheet Intended Use
A1: Intended Use
A2: This worksheet is associated with MTB XDR Product QC Testing Procedure (D37339).
A4: Fields in blue must be input electronically.
A5: Fields in green may be entered manually.
A6: Fields in yellow perform calculations.
A9: Mean Ct MPT MPH Evaluation
A10: This tab calculates the mean Ct, MPT, and MPH values for selected sample types and channels (per CLS) and compares them to specifications on "Specifications" tab. Failing results are highlighted in RED.
A11: This tab performs the same calculations for the "First 10" results | N11: Table of Tabs to Print
A12: Vacuum Seal Data | N12: Tab | O12: Print or Not Print
A13: This tab is used to record and evaluate the Vacuum Seal Test data from ROBAL in-process testing. | N13: Intended Use | O13: Do NOT print
B14: Column A | N14: Mean Ct MPT MPH Evaluation | O14: Print
B15: Enumerates the sampled cartridges. | N15: Vacuum Seal Data | O15: Print
N16: Test Summary | O16: Print
B17: Column B | N17: Data Summary | O17: Print
B18: Records the Cartridge ID. | N18: Data- First 10 | O18: Print
N19: Data- Sample Type 0 | O19: Print
B20: Column C | N20: Data- Sample Type 1 | O20: Print
B21: Records the results of seal test. | N21: Data- Sample Type 2 | O21: Print
B22: Valid entries are: | N22: Data- Replaced | O22: Print
C23: "P" | N23: Statistical Process Control | O23: Print
C24: "F" | N24: Resample Mean Ct MPT MPH Evaluation | O24: Print if applicable
C25: "N" | N25: Resample Data Summary | O25: Print if applicable
N26: Data- Resample Replaced | O26: Print if applicable
B27: Column D | N27: Specifications | O27: Do NOT print
B28: Calculates the results of seal test. | N28: HistoricalAccuStats | O28: Do NOT print
B29: The result is "NA" if the test replicate was not tested or does not apply. | N29: For Reference Only | O29: Do NOT print
B30: The results of the calculations are used as a counter for internal worksheet purposes.
A31: Test Summary
A32: B3 | B32: Select Catalog Number from pull down menu
A33: B4 | B33: Enter lot number (without leading 0)
A34: Row 9 and 12 | B34: Enter Control lot number
A35: Row 15-16 | B35: Enter pipet information
A36: Row 18-21 | B36: Enter GeneXpert information
A37: P18 | B37: Enter bags tested using infinity
A39: A23-G32 | B39: Table 4
B40: column C | C40: Counts individual error types from data summary tab
B41: column D | C41: Compares number of failures to pass/resample criteria (N>4 resample)
B42: column E | C42: Counts individual error types from resample data summary tab
B43: coulmn F | C43: Compares number of failures to pass/resample criteria (N>10 resample)
A44: C34 | B44: Counts the max count for Single Minor Failure
A45: C36 | B45: Max allowable failure per n=210
A46: C34 | B46: Counts the max count for Single Minor Failure for Resample Data
A47: C36 | B47: Max allowable failure per n=410
A49: I23-K26 | B49: Table 5
A50: K24 | B50: Manually enter number of failures for Minor Visual Failure
A51: K25 | B51: Manually enter number of failures for Major Visual Failure
A52: K26 | B52: Manually enter number of failures for Delamination
A54: I29-M33 | B54: Table 6
A55: L31 | B55: Counts number of False Negs for original Data
A56: M31 | B56: Counts number of False Negs for Resample Data
A57: L32 | B57: Counts number of False Pos for original Data
... A62: Row 40-49 | B62: Table 7
B63: Column D | C63: Rows 41-42 | D63: Counts number of replicates and valid replicates from Data Summary and Replaced Data tabs
C64: Row 43 | D64: Counts total number of minor failures from data summary (pressure and minor visual failures) and table 4 (for other minors)
C65: Row 44 | D65: Calculates total number of major failures from rows 35 and 36
C66: Row 45 | D66: Calculates total number of failures from rows 34 and 37
B67: Column E | C67: Acceptance Criteria per Specifications tab
B68: Column F | C68: Rows 44-45 | D68: Evaluates number of failures against limits on the specifications tab
B69: Column H (For Resample Data ) | C69: Rows 41-42 | D69: Counts number of replicates and valid replicates from Data Summary and Replaced Data tabs
C70: Row 43 | D70: Counts total number of minor failures from data summary (pressure and minor visual failures) and table 4 (for other minors)
C71: Row 44 | D71: Calculates total number of major failures from rows 35 and 36
C72: Row 45 | D72: Calculates total number of failures from rows 34 and 37
B73: Column J | C73: Row 44 | D73: Calculates combined failures for original and resample
B74: Column K | C74: Rows 44-45 | D74: Evaluates number of failures against limits on the specifications tab
A76: D48 | B76: Calculates overall result using table 4, table 5 and table 6
A77: H48 | B77: Pull down menu for NCR number if applicable
A78: H49 | B78: Pull down menu for LFI number if applicable
A80: Data Summary
A81: Rows 2-4 | B81: Lot information pulled from Test Summary and Specifications tabs
A82: D6 | B82: Counts number of replicates in Rows 9-18
A83: E6 | B83: Compares Number of replicates to Specifications
A84: B7 | B84: Compares the lot number from Row 3 with the Data - First 10 tab (all replicates must match)
A85: D7 | B85: Compares Assay name from C4 with the Data - First 10 tab (all replicates must match)
A87: Rows 10-19 | B87: Column A | C87: Pulls Sample ID from Data - First 10 tab
B88: Column B | C88: Pulls Test Result from Data - First 10 tab
B89: Column C | C89: Evaluates the result in column B and Data - First 10 tab in the following order;
D90: Found | F90: Report | H90: Uses Conditional formatting
D91: Blank Cell | F91: Blank | H91: Green | I91: Pass
D92: Error Code Present | F92: Error Text | H92: Yellow | I92: Minor Failure or Data Entry Error
D93: Invalid | F93: Invalid | H93: Red | I93: Major Failure
D94: If S | F94: Seal Test Fail
D95: If V | F95: Minor Visual
D96: If M | F96: Major Visual
D97: if B | F97: Barcode Fail
D98: if D | F98: Delamination
D99: Text not recognized | F99: Data Entry Error
D100: Correct Test Result | F100: Pass
D101: Incorrect Test Result | F101: Major Functional
B102: Column D | C102: Evaluates maximum pressure from Data - First 10 tab versus limit in Specifications tab
D103: Uses Conditional formatting
D104: Green | E104: Pass
D105: Yellow | E105: N/A
D106: Red | E106: Fail
B108: Column E | C108: Comment either with pull down menu or free text
A110: D21 | B110: Counts number of replicates in Rows 23-122
A111: B22 | B111: Compares the lot number from Row 3 with the Data - Sample Type 0 tab (all replicates must match)
A112: D22 | B112: Compares Assay name from C4 with the Data - Sample Type 0 tab (all replicates must match)
A114: Rows 25-124 | B114: Column A | C114: Pulls Sample ID from Data - Sample Type 0 tab
B115: Column B | C115: Pulls Test Result from Data - Sample Type 0 tab
B116: Column C | C116: Evaluates the result in column B and Data - Sample Type 0 tab in the following order;
...

Sheet Mean Ct MPT MPH Evaluation
E1: Sample Type 0 (Negative) | J1: Sample Type 1 (WT) | AW1: Sample Type 2 (Mutant)
A2: Data Set | B2: SPC Ct | C2: SPC Ct Mean | E2: Data Set | F2: SPC Ct | G2: SPC mean per Data Set | J2: Data Set | K2: inhA MPT | M2: inhA Ct | O2: katG MPT | Q2: katG MPH | S2: fabG MPT | U2: fabG MPH | W2: fabG Ct | Y2: ahpC MPT | AA2: gyrA1 Ct | AC2: gyrA2 MPT | AE2: gyrA2 MPH | AG2: gyrA3 MPT | AI2: gyrA3 MPH | AK2: gyrB2 MPT | AM2: gyrB2 MPH | AO2: gyrB2 Ct | AQ2: rrs Ct | AS2: eis Ct | AW2: Data Set | AX2: inhA mut MPT | AZ2: katG mut MPT | BB2: katG mut MPH | BD2: fabG mut MPT | BF2: fabG mut MPH | BH2: fabG Ct | BJ2: ahpC mut MPT | BL2: gyrA2 mut MPT | BN2: gyrA3 mut B MPT | BP2: gyrA3 mut B MPH | BR2: gyrB2 mut MPT | BT2: gyrB2 mut MPH | BV2: rrs Ct | BX2: eis Ct
A3: First 10 | B3: =IF('Data Summary'!C10="PASS",'Data - First 10'!Q2,"") -> 26.8 | C3: =AVERAGE(B3:B12) -> 26.82 | E3: 1 | F3: =IF('Data Summary'!C25="PASS",IF('Data Summary'!A25="","",'Data - Sample Type 0'!Q2),"") -> 26.9 | G3: =AVERAGE(F3:F12) -> 27.41 | J3: 1 | K3: =IF(AND('Data Summary'!C130="PASS",'Data - Sample Type 1'!FO2<>0),'Data - Sample Type 1'!FO2,"") -> 76.1 | L3: =AVERAGE(K3:K10) -> 75.9875 | M3: =IF('Data Summary'!C130="PASS",IF('Data - Sample Type 1'!AE2=0,"",'Data - Sample Type 1'!AE2),"") -> 25.9 | N3: =AVERAGE(M3:M10) -> 25.2375 | O3: =IF(AND('Data Summary'!C130="PASS",'Data - Sample Type 1'!FW2<>0),'Data - Sample Type 1'!FW2,"") -> 73.5 | P3: =AVERAGE(O3:O10) -> 73.4 | Q3: =IF(AND('Data Summary'!C130="PASS",O3<>""),'Data - Sample Type 1'!FX2,"") -> 103.1 | R3: =AVERAGE(Q3:Q10) -> 96.6 | S3: =IF(AND('Data Summary'!C130="PASS",'Data - Sample Type 1'!GE2<>0),'Data - Sample Type 1'!GE2,"") -> 71.3 | T3: =AVERAGE(S3:S10) -> 71.2125 | U3: =IF(AND('Data Summary'!C130="PASS",S3<>""),'Data - Sample Type 1'!GF2,"") -> 293.8 | V3: =AVERAGE(U3:U10) -> 267.4625 | W3: =IF('Data Summary'!C130="PASS",IF('Data - Sample Type 1'!BG2=0,"",'Data - Sample Type 1'!BG2),"") -> 24.1 | X3: =AVERAGE(W3:W10) -> 22.25 | Y3: =IF(AND('Data Summary'!C130="PASS",'Data - Sample Type 1'!GM2<>0),'Data - Sample Type 1'!GM2,"") -> 68.5 | Z3: =AVERAGE(Y3:Y10) -> 68.4125 | AA3: =IF('Data Summary'!C130="PASS",IF('Data - Sample Type 1'!BU2=0,"",'Data - Sample Type 1'!BU2),"") -> 30.9 | AB3: =AVERAGE(AA3:AA10) -> 29.3125 | AC3: =IF(AND('Data Summary'!C130="PASS",'Data - Sample Type 1'!HC2<>0),'Data - Sample Type 1'!HC2,"") -> 70.2 | AD3: =AVERAGE(AC3:AC10) -> 70.175 | AE3: =IF(AND('Data Summary'!C130="PASS",AC3<>""),'Data - Sample Type 1'!HD2,"") -> 80.9 | AF3: =AVERAGE(AE3:AE10) -> 82.925 | AG3: =IF(AND('Data Summary'!C130="PASS",'Data - Sample Type 1'!HK2<>0),'Data - Sample Type 1'!HK2,"") -> 70.8 | AH3: =AVERAGE(AG3:AG10) -> 70.825 | AI3: =IF(AND('Data Summary'!C130="PASS",AG3<>""),'Data - Sample Type 1'!HL2,"") -> 138.1 | AJ3: =AVERAGE(AI3:AI10) -> 142.4125 | AK3: =IF(AND('Data Summary'!C130="PASS",'Data - Sample Type 1'!HS2<>0),'Data - Sample Type 1'!HS2,"") -> 69.3 | AL3: =AVERAGE(AK3:AK10) -> 69.1625 | AM3: =IF(AND('Data Summary'!C130="PASS",AK3<>""),'Data - Sample Type 1'!HT2,"") -> 92.7 | AN3: =AVERAGE(AM3:AM10) -> 96.425 | AO3: =IF('Data Summary'!C130="PASS",IF('Data - Sample Type 1'!DK2=0,"",'Data - Sample Type 1'!DK2),"") -> 25.3 | AP3: =AVERAGE(AO3:AO10) -> 23.7625 | AQ3: =IF('Data Summary'!C130="PASS",IF('Data - Sample Type 1'!DY2=0,"",'Data - Sample Type 1'!DY2),"") -> 22.5 | AR3: =AVERAGE(AQ3:AQ10) -> 21.275 | AS3: =IF('Data Summary'!C130="PASS",IF('Data - Sample Type 1'!EM2=0,"",'Data - Sample Type 1'!EM2),"") -> 26.7 | AT3: =AVERAGE(AS3:AS10) -> 24.542857 | AW3: 1-5 | AX3: =IF(AND('Data Summary'!C215="PASS",'Data - Sample Type 2'!IQ2<>0),'Data - Sample Type 2'!IQ2,"") | AY3: =AVERAGE(AX3:AX12) -> 70.466667 | AZ3: =IF(AND('Data Summary'!C215="PASS",'Data - Sample Type 2'!IY2<>0),'Data - Sample Type 2'!IY2,"") | BA3: =AVERAGE(AZ3:AZ12) -> 67.783333 | BB3: =IF(AND('Data Summary'!C215="PASS",AZ3<>""),'Data - Sample Type 2'!IZ2,"") | BC3: =ROUND(AVERAGE(BB3:BB12),0) -> 142 | BD3: =IF(AND('Data Summary'!C215="PASS",'Data - Sample Type 2'!JG2<>0),'Data - Sample Type 2'!JG2,"") | BE3: =AVERAGE(BD3:BD12) -> 75.42 | BF3: =IF(AND('Data Summary'!C215="PASS",BD3<>""),'Data - Sample Type 2'!JH2,"") | BG3: =ROUND(AVERAGE(BF3:BF12),0) -> 168 | BH3: =IF('Data Summary'!C215="PASS",IF('Data - Sample Type 2'!BG2=0,"",'Data - Sample Type 2'!BG2),"") | BI3: =AVERAGE(BH3:BH12) -> 21.983333 | BJ3: =IF(AND('Data Summary'!C215="PASS",'Data - Sample Type 2'!JO2<>0),'Data - Sample Type 2'!JO2,"") | BK3: =AVERAGE(BJ3:BJ12) -> 65.55 | BL3: =IF(AND('Data Summary'!C215="PASS",'Data - Sample Type 2'!HC2<>0),'Data - Sample Type 2'!HC2,"") | BM3: =AVERAGE(BL3:BL12) -> 69.2 | BN3: =IF(AND('Data Summary'!C215="PASS",'Data - Sample Type 2'!LS2<>0),'Data - Sample Type 2'!LS2,"") | BO3: =AVERAGE(BN3:BN12) -> 75.533333 | BP3: =IF(AND('Data Summary'!C215="PASS",BN3<>""),'Data - Sample Type 2'!LT2,"") | BQ3: =ROUND(AVERAGE(BP3:BP12),0) -> 124 | BR3: =IF(AND('Data Summary'!C215="PASS",'Data - Sample Type 2'!MI2<>0),'Data - Sample Type 2'!MI2,"") | BS3: =AVERAGE(BR3:BR12) -> 65.4 | BT3: =IF(AND('Data Summary'!C215="PASS",BR3<>""),'Data - Sample Type 2'!MJ2,"") | BU3: =ROUND(AVERAGE(BT3:BT12),0) -> 101 | BV3: =IF('Data Summary'!C215="PASS",IF('Data - Sample Type 2'!DY2=0,"",'Data - Sample Type 2'!DY2),"") | BW3: =AVERAGE(BV3:BV12) -> 23.266667 | BX3: =IF('Data Summary'!C215="PASS",IF('Data - Sample Type 2'!EM2=0,"",'Data - Sample Type 2'!EM2),"") | BY3: =AVERAGE(BX3:BX12) -> 23.616667
B4: =IF('Data Summary'!C11="PASS",'Data - First 10'!Q3,"") -> 26.2 | F4: =IF('Data Summary'!C26="PASS",IF('Data Summary'!A26="","",'Data - Sample Type 0'!Q3),"") -> 28 | K4: =IF(AND('Data Summary'!C131="PASS",'Data - Sample Type 1'!FO3<>0),'Data - Sample Type 1'!FO3,"") -> 75.9 | M4: =IF('Data Summary'!C131="PASS",IF('Data - Sample Type 1'!AE3=0,"",'Data - Sample Type 1'!AE3),"") -> 25.2 | O4: =IF(AND('Data Summary'!C131="PASS",'Data - Sample Type 1'!FW3<>0),'Data - Sample Type 1'!FW3,"") -> 73.3 | Q4: =IF(AND('Data Summary'!C131="PASS",O4<>""),'Data - Sample Type 1'!FX3,"") -> 91.9 | S4: =IF(AND('Data Summary'!C131="PASS",'Data - Sample Type 1'!GE3<>0),'Data - Sample Type 1'!GE3,"") -> 71.1 | U4: =IF(AND('Data Summary'!C131="PASS",S4<>""),'Data - Sample Type 1'!GF3,"") -> 234.9 | W4: =IF('Data Summary'!C131="PASS",IF('Data - Sample Type 1'!BG3=0,"",'Data - Sample Type 1'!BG3),"") -> 23.2 | Y4: =IF(AND('Data Summary'!C131="PASS",'Data - Sample Type 1'!GM3<>0),'Data - Sample Type 1'!GM3,"") -> 68.3 | AA4: =IF('Data Summary'!C131="PASS",IF('Data - Sample Type 1'!BU3=0,"",'Data - Sample Type 1'!BU3),"") -> 29.6 | AC4: =IF(AND('Data Summary'!C131="PASS",'Data - Sample Type 1'!HC3<>0),'Data - Sample Type 1'!HC3,"") -> 70.1 | AE4: =IF(AND('Data Summary'!C131="PASS",AC4<>""),'Data - Sample Type 1'!HD3,"") -> 81.8 | AG4: =IF(AND('Data Summary'!C131="PASS",'Data - Sample Type 1'!HK3<>0),'Data - Sample Type 1'!HK3,"") -> 70.8 | AI4: =IF(AND('Data Summary'!C131="PASS",AG4<>""),'Data - Sample Type 1'!HL3,"") -> 131.1 | AK4: =IF(AND('Data Summary'!C131="PASS",'Data - Sample Type 1'!HS3<>0),'Data - Sample Type 1'!HS3,"") -> 69.1 | AM4: =IF(AND('Data Summary'!C131="PASS",AK4<>""),'Data - Sample Type 1'!HT3,"") -> 91.1 | AO4: =IF('Data Summary'!C131="PASS",IF('Data - Sample Type 1'!DK3=0,"",'Data - Sample Type 1'!DK3),"") -> 24 | AQ4: =IF('Data Summary'!C131="PASS",IF('Data - Sample Type 1'!DY3=0,"",'Data - Sample Type 1'!DY3),"") -> 21.3 | AS4: =IF('Data Summary'!C131="PASS",IF('Data - Sample Type 1'!EM3=0,"",'Data - Sample Type 1'!EM3),"") -> 24.4 | AX4: =IF(AND('Data Summary'!C216="PASS",'Data - Sample Type 2'!IQ3<>0),'Data - Sample Type 2'!IQ3,"") -> 70.6 | AZ4: =IF(AND('Data Summary'!C216="PASS",'Data - Sample Type 2'!IY3<>0),'Data - Sample Type 2'!IY3,"") -> 67.9 | BB4: =IF(AND('Data Summary'!C216="PASS",AZ4<>""),'Data - Sample Type 2'!IZ3,"") -> 138.9 | BD4: =IF(AND('Data Summary'!C216="PASS",'Data - Sample Type 2'!JG3<>0),'Data - Sample Type 2'!JG3,"") -> 75.5 | BF4: =IF(AND('Data Summary'!C216="PASS",BD4<>""),'Data - Sample Type 2'!JH3,"") -> 176.2 | BH4: =IF('Data Summary'!C216="PASS",IF('Data - Sample Type 2'!BG3=0,"",'Data - Sample Type 2'!BG3),"") -> 24.4 | BJ4: =IF(AND('Data Summary'!C216="PASS",'Data - Sample Type 2'!JO3<>0),'Data - Sample Type 2'!JO3,"") -> 65.7 | BL4: =IF(AND('Data Summary'!C216="PASS",'Data - Sample Type 2'!HC3<>0),'Data - Sample Type 2'!HC3,"") -> 69.2 | BN4: =IF(AND('Data Summary'!C216="PASS",'Data - Sample Type 2'!LS3<>0),'Data - Sample Type 2'!LS3,"") -> 75.6 | BP4: =IF(AND('Data Summary'!C216="PASS",BN4<>""),'Data - Sample Type 2'!LT3,"") -> 136.4 | BR4: =IF(AND('Data Summary'!C216="PASS",'Data - Sample Type 2'!MI3<>0),'Data - Sample Type 2'!MI3,"") -> 65.5 | BT4: =IF(AND('Data Summary'!C216="PASS",BR4<>""),'Data - Sample Type 2'!MJ3,"") -> 90.2 | BV4: =IF('Data Summary'!C216="PASS",IF('Data - Sample Type 2'!DY3=0,"",'Data - Sample Type 2'!DY3),"") -> 24.7 | BX4: =IF('Data Summary'!C216="PASS",IF('Data - Sample Type 2'!EM3=0,"",'Data - Sample Type 2'!EM3),"") -> 24.3
B5: =IF('Data Summary'!C12="PASS",'Data - First 10'!Q4,"") -> 26.3 | F5: =IF('Data Summary'!C27="PASS",IF('Data Summary'!A27="","",'Data - Sample Type 0'!Q4),"") -> 26.5 | K5: =IF(AND('Data Summary'!C132="PASS",'Data - Sample Type 1'!FO4<>0),'Data - Sample Type 1'!FO4,"") -> 75.8 | M5: =IF('Data Summary'!C132="PASS",IF('Data - Sample Type 1'!AE4=0,"",'Data - Sample Type 1'!AE4),"") -> 25.1 | O5: =IF(AND('Data Summary'!C132="PASS",'Data - Sample Type 1'!FW4<>0),'Data - Sample Type 1'!FW4,"") -> 73.2 | Q5: =IF(AND('Data Summary'!C132="PASS",O5<>""),'Data - Sample Type 1'!FX4,"") -> 96.1 | S5: =IF(AND('Data Summary'!C132="PASS",'Data - Sample Type 1'!GE4<>0),'Data - Sample Type 1'!GE4,"") -> 71.1 | U5: =IF(AND('Data Summary'!C132="PASS",S5<>""),'Data - Sample Type 1'!GF4,"") -> 273.5 | W5: =IF('Data Summary'!C132="PASS",IF('Data - Sample Type 1'!BG4=0,"",'Data - Sample Type 1'!BG4),"") -> 17.6 | Y5: =IF(AND('Data Summary'!C132="PASS",'Data - Sample Type 1'!GM4<>0),'Data - Sample Type 1'!GM4,"") -> 68.3 | AA5: =IF('Data Summary'!C132="PASS",IF('Data - Sample Type 1'!BU4=0,"",'Data - Sample Type 1'!BU4),"") -> 28.4 | AC5: =IF(AND('Data Summary'!C132="PASS",'Data - Sample Type 1'!HC4<>0),'Data - Sample Type 1'!HC4,"") -> 70 | AE5: =IF(AND('Data Summary'!C132="PASS",AC5<>""),'Data - Sample Type 1'!HD4,"") -> 69.2 | AG5: =IF(AND('Data Summary'!C132="PASS",'Data - Sample Type 1'!HK4<>0),'Data - Sample Type 1'!HK4,"") -> 70.7 | AI5: =IF(AND('Data Summary'!C132="PASS",AG5<>""),'Data - Sample Type 1'!HL4,"") -> 152.6 | AK5: =IF(AND('Data Summary'!C132="PASS",'Data - Sample Type 1'!HS4<>0),'Data - Sample Type 1'!HS4,"") -> 69.1 | AM5: =IF(AND('Data Summary'!C132="PASS",AK5<>""),'Data - Sample Type 1'!HT4,"") -> 109.3 | AO5: =IF('Data Summary'!C132="PASS",IF('Data - Sample Type 1'!DK4=0,"",'Data - Sample Type 1'!DK4),"") -> 23.1 | AQ5: =IF('Data Summary'!C132="PASS",IF('Data - Sample Type 1'!DY4=0,"",'Data - Sample Type 1'!DY4),"") -> 20.8 | AS5: =IF('Data Summary'!C132="PASS",IF('Data - Sample Type 1'!EM4=0,"",'Data - Sample Type 1'!EM4),"") | AX5: =IF(AND('Data Summary'!C217="PASS",'Data - Sample Type 2'!IQ4<>0),'Data - Sample Type 2'!IQ4,"") -> 70.4 | AZ5: =IF(AND('Data Summary'!C217="PASS",'Data - Sample Type 2'!IY4<>0),'Data - Sample Type 2'!IY4,"") -> 67.7 | BB5: =IF(AND('Data Summary'!C217="PASS",AZ5<>""),'Data - Sample Type 2'!IZ4,"") -> 144.6 | BD5: =IF(AND('Data Summary'!C217="PASS",'Data - Sample Type 2'!JG4<>0),'Data - Sample Type 2'!JG4,"") -> 75.3 | BF5: =IF(AND('Data Summary'!C217="PASS",BD5<>""),'Data - Sample Type 2'!JH4,"") -> 153.3 | BH5: =IF('Data Summary'!C217="PASS",IF('Data - Sample Type 2'!BG4=0,"",'Data - Sample Type 2'!BG4),"") -> 18 | BJ5: =IF(AND('Data Summary'!C217="PASS",'Data - Sample Type 2'!JO4<>0),'Data - Sample Type 2'!JO4,"") -> 65.5 | BL5: =IF(AND('Data Summary'!C217="PASS",'Data - Sample Type 2'!HC4<>0),'Data - Sample Type 2'!HC4,"") -> 68.8 | BN5: =IF(AND('Data Summary'!C217="PASS",'Data - Sample Type 2'!LS4<>0),'Data - Sample Type 2'!LS4,"") -> 75.5 | BP5: =IF(AND('Data Summary'!C217="PASS",BN5<>""),'Data - Sample Type 2'!LT4,"") -> 125.8 | BR5: =IF(AND('Data Summary'!C217="PASS",'Data - Sample Type 2'!MI4<>0),'Data - Sample Type 2'!MI4,"") -> 65.4 | BT5: =IF(AND('Data Summary'!C217="PASS",BR5<>""),'Data - Sample Type 2'!MJ4,"") -> 115.9 | BV5: =IF('Data Summary'!C217="PASS",IF('Data - Sample Type 2'!DY4=0,"",'Data - Sample Type 2'!DY4),"") -> 22.6 | BX5: =IF('Data Summary'!C217="PASS",IF('Data - Sample Type 2'!EM4=0,"",'Data - Sample Type 2'!EM4),"") -> 23.8
B6: =IF('Data Summary'!C13="PASS",'Data - First 10'!Q5,"") -> 26.4 | F6: =IF('Data Summary'!C28="PASS",IF('Data Summary'!A28="","",'Data - Sample Type 0'!Q5),"") -> 26.8 | K6: =IF(AND('Data Summary'!C133="PASS",'Data - Sample Type 1'!FO5<>0),'Data - Sample Type 1'!FO5,"") -> 76 | M6: =IF('Data Summary'!C133="PASS",IF('Data - Sample Type 1'!AE5=0,"",'Data - Sample Type 1'!AE5),"") -> 24.4 | O6: =IF(AND('Data Summary'!C133="PASS",'Data - Sample Type 1'!FW5<>0),'Data - Sample Type 1'!FW5,"") -> 73.4 | Q6: =IF(AND('Data Summary'!C133="PASS",O6<>""),'Data - Sample Type 1'!FX5,"") -> 97.4 | S6: =IF(AND('Data Summary'!C133="PASS",'Data - Sample Type 1'!GE5<>0),'Data - Sample Type 1'!GE5,"") -> 71.2 | U6: =IF(AND('Data Summary'!C133="PASS",S6<>""),'Data - Sample Type 1'!GF5,"") -> 266.4 | W6: =IF('Data Summary'!C133="PASS",IF('Data - Sample Type 1'!BG5=0,"",'Data - Sample Type 1'!BG5),"") -> 22 | Y6: =IF(AND('Data Summary'!C133="PASS",'Data - Sample Type 1'!GM5<>0),'Data - Sample Type 1'!GM5,"") -> 68.4 | AA6: =IF('Data Summary'!C133="PASS",IF('Data - Sample Type 1'!BU5=0,"",'Data - Sample Type 1'!BU5),"") -> 28.4 | AC6: =IF(AND('Data Summary'!C133="PASS",'Data - Sample Type 1'!HC5<>0),'Data - Sample Type 1'!HC5,"") -> 70.2 | AE6: =IF(AND('Data Summary'!C133="PASS",AC6<>""),'Data - Sample Type 1'!HD5,"") -> 82.4 | AG6: =IF(AND('Data Summary'!C133="PASS",'Data - Sample Type 1'!HK5<>0),'Data - Sample Type 1'!HK5,"") -> 70.8 | AI6: =IF(AND('Data Summary'!C133="PASS",AG6<>""),'Data - Sample Type 1'!HL5,"") -> 142.2 | AK6: =IF(AND('Data Summary'!C133="PASS",'Data - Sample Type 1'!HS5<>0),'Data - Sample Type 1'!HS5,"") -> 69.1 | AM6: =IF(AND('Data Summary'!C133="PASS",AK6<>""),'Data - Sample Type 1'!HT5,"") -> 100.6 | AO6: =IF('Data Summary'!C133="PASS",IF('Data - Sample Type 1'!DK5=0,"",'Data - Sample Type 1'!DK5),"") -> 23.3 | AQ6: =IF('Data Summary'!C133="PASS",IF('Data - Sample Type 1'!DY5=0,"",'Data - Sample Type 1'!DY5),"") -> 20.9 | AS6: =IF('Data Summary'!C133="PASS",IF('Data - Sample Type 1'!EM5=0,"",'Data - Sample Type 1'!EM5),"") -> 24 | AX6: =IF(AND('Data Summary'!C218="PASS",'Data - Sample Type 2'!IQ5<>0),'Data - Sample Type 2'!IQ5,"") | AZ6: =IF(AND('Data Summary'!C218="PASS",'Data - Sample Type 2'!IY5<>0),'Data - Sample Type 2'!IY5,"") | BB6: =IF(AND('Data Summary'!C218="PASS",AZ6<>""),'Data - Sample Type 2'!IZ5,"") | BD6: =IF(AND('Data Summary'!C218="PASS",'Data - Sample Type 2'!JG5<>0),'Data - Sample Type 2'!JG5,"") | BF6: =IF(AND('Data Summary'!C218="PASS",BD6<>""),'Data - Sample Type 2'!JH5,"") | BH6: =IF('Data Summary'!C218="PASS",IF('Data - Sample Type 2'!BG5=0,"",'Data - Sample Type 2'!BG5),"") | BJ6: =IF(AND('Data Summary'!C218="PASS",'Data - Sample Type 2'!JO5<>0),'Data - Sample Type 2'!JO5,"") | BL6: =IF(AND('Data Summary'!C218="PASS",'Data - Sample Type 2'!HC5<>0),'Data - Sample Type 2'!HC5,"") | BN6: =IF(AND('Data Summary'!C218="PASS",'Data - Sample Type 2'!LS5<>0),'Data - Sample Type 2'!LS5,"") | BP6: =IF(AND('Data Summary'!C218="PASS",BN6<>""),'Data - Sample Type 2'!LT5,"") | BR6: =IF(AND('Data Summary'!C218="PASS",'Data - Sample Type 2'!MI5<>0),'Data - Sample Type 2'!MI5,"") | BT6: =IF(AND('Data Summary'!C218="PASS",BR6<>""),'Data - Sample Type 2'!MJ5,"") | BV6: =IF('Data Summary'!C218="PASS",IF('Data - Sample Type 2'!DY5=0,"",'Data - Sample Type 2'!DY5),"") | BX6: =IF('Data Summary'!C218="PASS",IF('Data - Sample Type 2'!EM5=0,"",'Data - Sample Type 2'!EM5),"")
B7: =IF('Data Summary'!C14="PASS",'Data - First 10'!Q6,"") -> 25.7 | F7: =IF('Data Summary'!C29="PASS",IF('Data Summary'!A29="","",'Data - Sample Type 0'!Q6),"") -> 29 | K7: =IF(AND('Data Summary'!C134="PASS",'Data - Sample Type 1'!FO6<>0),'Data - Sample Type 1'!FO6,"") -> 75.9 | L7: =IF(AND(L3>=Specifications!$C$21,L3<=Specifications!$D$21),"PASS","FAIL") -> PASS | M7: =IF('Data Summary'!C134="PASS",IF('Data - Sample Type 1'!AE6=0,"",'Data - Sample Type 1'!AE6),"") -> 28 | N7: =IF(N3<=Specifications!D$22,"PASS","FAIL") -> PASS | O7: =IF(AND('Data Summary'!C134="PASS",'Data - Sample Type 1'!FW6<>0),'Data - Sample Type 1'!FW6,"") -> 73.3 | P7: =IF(AND(P3>=Specifications!$C$23,P3<=Specifications!$D$23),"PASS","FAIL") -> PASS | Q7: =IF(AND('Data Summary'!C134="PASS",O7<>""),'Data - Sample Type 1'!FX6,"") -> 99.6 | R7: FIO | S7: =IF(AND('Data Summary'!C134="PASS",'Data - Sample Type 1'!GE6<>0),'Data - Sample Type 1'!GE6,"") -> 71.1 | T7: =IF(AND(T3>=Specifications!$C$25,T3<=Specifications!$D$25),"PASS","FAIL") -> PASS | U7: =IF(AND('Data Summary'!C134="PASS",S7<>""),'Data - Sample Type 1'!GF6,"") -> 274.4 | V7: FIO | W7: =IF('Data Summary'!C134="PASS",IF('Data - Sample Type 1'!BG6=0,"",'Data - Sample Type 1'!BG6),"") -> 25 | X7: =IF(X3<=Specifications!D$27,"PASS","FAIL") -> PASS | Y7: =IF(AND('Data Summary'!C134="PASS",'Data - Sample Type 1'!GM6<>0),'Data - Sample Type 1'!GM6,"") -> 68.3 | Z7: =IF(AND(Z3>=Specifications!$C$28,Z3<=Specifications!$D$28),"PASS","FAIL") -> PASS | AA7: =IF('Data Summary'!C134="PASS",IF('Data - Sample Type 1'!BU6=0,"",'Data - Sample Type 1'!BU6),"") -> 31 | AB7: FIO | AC7: =IF(AND('Data Summary'!C134="PASS",'Data - Sample Type 1'!HC6<>0),'Data - Sample Type 1'!HC6,"") -> 70.1 | AD7: =IF(AND(AD3>=Specifications!$C$31,AD3<=Specifications!$D$31),"PASS","FAIL") -> PASS | AE7: =IF(AND('Data Summary'!C134="PASS",AC7<>""),'Data - Sample Type 1'!HD6,"") -> 80.2 | AF7: FIO | AG7: =IF(AND('Data Summary'!C134="PASS",'Data - Sample Type 1'!HK6<>0),'Data - Sample Type 1'!HK6,"") -> 70.8 | AH7: =IF(AND(AH3>=Specifications!$C$33,AH3<=Specifications!$D$33),"PASS","FAIL") -> PASS | AI7: =IF(AND('Data Summary'!C134="PASS",AG7<>""),'Data - Sample Type 1'!HL6,"") -> 145.7 | AJ7: FIO | AK7: =IF(AND('Data Summary'!C134="PASS",'Data - Sample Type 1'!HS6<>0),'Data - Sample Type 1'!HS6,"") -> 69 | AL7: =IF(AND(AL3>=Specifications!$C$35,AL3<=Specifications!$D$35),"PASS","FAIL") -> PASS | AM7: =IF(AND('Data Summary'!C134="PASS",AK7<>""),'Data - Sample Type 1'!HT6,"") -> 89.1 | AN7: FIO | AO7: =IF('Data Summary'!C134="PASS",IF('Data - Sample Type 1'!DK6=0,"",'Data - Sample Type 1'!DK6),"") -> 24.8 | AP7: =IF(AP3<=Specifications!$D$37,"PASS","FAIL") -> PASS | AQ7: =IF('Data Summary'!C134="PASS",IF('Data - Sample Type 1'!DY6=0,"",'Data - Sample Type 1'!DY6),"") -> 22.8 | AR7: =IF(AR3<=Specifications!$D$38,"PASS","FAIL") -> PASS | AS7: =IF('Data Summary'!C134="PASS",IF('Data - Sample Type 1'!EM6=0,"",'Data - Sample Type 1'!EM6),"") -> 25.3 | AT7: =IF(AT3<=Specifications!$D$39,"PASS","FAIL") -> PASS | AX7: =IF(AND('Data Summary'!C219="PASS",'Data - Sample Type 2'!IQ6<>0),'Data - Sample Type 2'!IQ6,"") -> 70.4 | AZ7: =IF(AND('Data Summary'!C219="PASS",'Data - Sample Type 2'!IY6<>0),'Data - Sample Type 2'!IY6,"") -> 67.8 | BB7: =IF(AND('Data Summary'!C219="PASS",AZ7<>""),'Data - Sample Type 2'!IZ6,"") -> 136.8 | BD7: =IF(AND('Data Summary'!C219="PASS",'Data - Sample Type 2'!JG6<>0),'Data - Sample Type 2'!JG6,"") | BF7: =IF(AND('Data Summary'!C219="PASS",BD7<>""),'Data - Sample Type 2'!JH6,"") | BH7: =IF('Data Summary'!C219="PASS",IF('Data - Sample Type 2'!BG6=0,"",'Data - Sample Type 2'!BG6),"") -> 21.7 | BJ7: =IF(AND('Data Summary'!C219="PASS",'Data - Sample Type 2'!JO6<>0),'Data - Sample Type 2'!JO6,"") -> 65.5 | BL7: =IF(AND('Data Summary'!C219="PASS",'Data - Sample Type 2'!HC6<>0),'Data - Sample Type 2'!HC6,"") -> 69.2 | BN7: =IF(AND('Data Summary'!C219="PASS",'Data - Sample Type 2'!LS6<>0),'Data - Sample Type 2'!LS6,"") -> 75.5 | BP7: =IF(AND('Data Summary'!C219="PASS",BN7<>""),'Data - Sample Type 2'!LT6,"") -> 132.8 | BR7: =IF(AND('Data Summary'!C219="PASS",'Data - Sample Type 2'!MI6<>0),'Data - Sample Type 2'!MI6,"") -> 65.3 | BT7: =IF(AND('Data Summary'!C219="PASS",BR7<>""),'Data - Sample Type 2'!MJ6,"") -> 94.4 | BV7: =IF('Data Summary'!C219="PASS",IF('Data - Sample Type 2'!DY6=0,"",'Data - Sample Type 2'!DY6),"") -> 21.6 | BX7: =IF('Data Summary'!C219="PASS",IF('Data - Sample Type 2'!EM6=0,"",'Data - Sample Type 2'!EM6),"") -> 20.8
B8: =IF('Data Summary'!C15="PASS",'Data - First 10'!Q7,"") -> 25.9 | C8: =IF(C3<=Specifications!$G$20,"PASS","FAIL") -> PASS | F8: =IF('Data Summary'!C30="PASS",IF('Data Summary'!A30="","",'Data - Sample Type 0'!Q7),"") -> 28.1 | G8: =IF(G3<=Specifications!$G$20,"PASS","FAIL") -> PASS | K8: =IF(AND('Data Summary'!C135="PASS",'Data - Sample Type 1'!FO7<>0),'Data - Sample Type 1'!FO7,"") -> 76 | M8: =IF('Data Summary'!C135="PASS",IF('Data - Sample Type 1'!AE7=0,"",'Data - Sample Type 1'!AE7),"") -> 26.7 | O8: =IF(AND('Data Summary'!C135="PASS",'Data - Sample Type 1'!FW7<>0),'Data - Sample Type 1'!FW7,"") -> 73.4 | Q8: =IF(AND('Data Summary'!C135="PASS",O8<>""),'Data - Sample Type 1'!FX7,"") -> 95.3 | S8: =IF(AND('Data Summary'!C135="PASS",'Data - Sample Type 1'!GE7<>0),'Data - Sample Type 1'!GE7,"") -> 71.2 | U8: =IF(AND('Data Summary'!C135="PASS",S8<>""),'Data - Sample Type 1'!GF7,"") -> 238.6 | W8: =IF('Data Summary'!C135="PASS",IF('Data - Sample Type 1'!BG7=0,"",'Data - Sample Type 1'!BG7),"") -> 23.3 | Y8: =IF(AND('Data Summary'!C135="PASS",'Data - Sample Type 1'!GM7<>0),'Data - Sample Type 1'!GM7,"") -> 68.4 | AA8: =IF('Data Summary'!C135="PASS",IF('Data - Sample Type 1'!BU7=0,"",'Data - Sample Type 1'!BU7),"") -> 30.7 | AC8: =IF(AND('Data Summary'!C135="PASS",'Data - Sample Type 1'!HC7<>0),'Data - Sample Type 1'!HC7,"") -> 70.1 | AE8: =IF(AND('Data Summary'!C135="PASS",AC8<>""),'Data - Sample Type 1'!HD7,"") -> 78.7 | AG8: =IF(AND('Data Summary'!C135="PASS",'Data - Sample Type 1'!HK7<>0),'Data - Sample Type 1'!HK7,"") -> 70.8 | AI8: =IF(AND('Data Summary'!C135="PASS",AG8<>""),'Data - Sample Type 1'!HL7,"") -> 126.5 | AK8: =IF(AND('Data Summary'!C135="PASS",'Data - Sample Type 1'!HS7<>0),'Data - Sample Type 1'!HS7,"") -> 69.1 | AM8: =IF(AND('Data Summary'!C135="PASS",AK8<>""),'Data - Sample Type 1'!HT7,"") -> 99.3 | AO8: =IF('Data Summary'!C135="PASS",IF('Data - Sample Type 1'!DK7=0,"",'Data - Sample Type 1'!DK7),"") -> 24 | AQ8: =IF('Data Summary'!C135="PASS",IF('Data - Sample Type 1'!DY7=0,"",'Data - Sample Type 1'!DY7),"") -> 21.4 | AS8: =IF('Data Summary'!C135="PASS",IF('Data - Sample Type 1'!EM7=0,"",'Data - Sample Type 1'!EM7),"") -> 25.3 | AX8: =IF(AND('Data Summary'!C220="PASS",'Data - Sample Type 2'!IQ7<>0),'Data - Sample Type 2'!IQ7,"") -> 70.3 | AY8: =IF(AND(AY3>=Specifications!$E$21,AY3<=Specifications!$F$21),"PASS","FAIL") -> PASS | AZ8: =IF(AND('Data Summary'!C220="PASS",'Data - Sample Type 2'!IY7<>0),'Data - Sample Type 2'!IY7,"") -> 67.6 | BA8: =IF(AND(BA3>=Specifications!$E$23,BA3<=Specifications!$F$23),"PASS","FAIL") -> PASS | BB8: =IF(AND('Data Summary'!C220="PASS",AZ8<>""),'Data - Sample Type 2'!IZ7,"") -> 143.4 | BC8: =IF(BC3>=Specifications!$E$24,"PASS","FAIL") -> PASS | BD8: =IF(AND('Data Summary'!C220="PASS",'Data - Sample Type 2'!JG7<>0),'Data - Sample Type 2'!JG7,"") -> 75.4 | BE8: =IF(AND(BE3>=Specifications!$E$25,BE3<=Specifications!$F$25),"PASS","FAIL") -> PASS | BF8: =IF(AND('Data Summary'!C220="PASS",BD8<>""),'Data - Sample Type 2'!JH7,"") -> 172.2 | BG8: =IF(BG3>=Specifications!$E$26,"PASS","FAIL") -> PASS | BH8: =IF('Data Summary'!C220="PASS",IF('Data - Sample Type 2'!BG7=0,"",'Data - Sample Type 2'!BG7),"") -> 21.7 | BI8: =IF(BI3<=Specifications!$F$27,"PASS","FAIL") -> PASS | BJ8: =IF(AND('Data Summary'!C220="PASS",'Data - Sample Type 2'!JO7<>0),'Data - Sample Type 2'!JO7,"") -> 65.3 | BK8: =IF(AND(BK3>=Specifications!$E$28,BK3<=Specifications!$F$28),"PASS","FAIL") -> PASS | BL8: =IF(AND('Data Summary'!C220="PASS",'Data - Sample Type 2'!HC7<>0),'Data - Sample Type 2'!HC7,"") -> 69.2 | BM8: =IF(AND(BM3>=Specifications!$E$31,BM3<=Specifications!$F$31),"PASS","FAIL") -> PASS | BN8: =IF(AND('Data Summary'!C220="PASS",'Data - Sample Type 2'!LS7<>0),'Data - Sample Type 2'!LS7,"") -> 75.5 | BO8: =IF(AND(BO3>=Specifications!$E$33,BO3<=Specifications!$F$33),"PASS","FAIL") -> PASS | BP8: =IF(AND('Data Summary'!C220="PASS",BN8<>""),'Data - Sample Type 2'!LT7,"") -> 104.7 | BQ8: =IF(BQ3>=Specifications!$E$34,"PASS","FAIL") -> PASS | BR8: =IF(AND('Data Summary'!C220="PASS",'Data - Sample Type 2'!MI7<>0),'Data - Sample Type 2'!MI7,"") -> 65.2 | BS8: =IF(AND(BS3>=Specifications!$E$35,BS3<=Specifications!$F$35),"PASS","FAIL") -> PASS | BT8: =IF(AND('Data Summary'!C220="PASS",BR8<>""),'Data - Sample Type 2'!MJ7,"") -> 99.7 | BU8: =IF(BU3>=Specifications!$E$36,"PASS","FAIL") -> PASS | BV8: =IF('Data Summary'!C220="PASS",IF('Data - Sample Type 2'!DY7=0,"",'Data - Sample Type 2'!DY7),"") -> 22.8 | BW8: =IF(BW3<=Specifications!$F$38,"PASS","FAIL") -> PASS | BX8: =IF('Data Summary'!C220="PASS",IF('Data - Sample Type 2'!EM7=0,"",'Data - Sample Type 2'!EM7),"") -> 23.6 | BY8: =IF(BY3<=Specifications!$F$39,"PASS","FAIL") -> PASS
B9: =IF('Data Summary'!C16="PASS",'Data - First 10'!Q8,"") -> 27.4 | F9: =IF('Data Summary'!C31="PASS",IF('Data Summary'!A31="","",'Data - Sample Type 0'!Q8),"") -> 28.9 | K9: =IF(AND('Data Summary'!C136="PASS",'Data - Sample Type 1'!FO8<>0),'Data - Sample Type 1'!FO8,"") -> 76 | M9: =IF('Data Summary'!C136="PASS",IF('Data - Sample Type 1'!AE8=0,"",'Data - Sample Type 1'!AE8),"") -> 21.7 | O9: =IF(AND('Data Summary'!C136="PASS",'Data - Sample Type 1'!FW8<>0),'Data - Sample Type 1'!FW8,"") -> 73.5 | Q9: =IF(AND('Data Summary'!C136="PASS",O9<>""),'Data - Sample Type 1'!FX8,"") -> 95.1 | S9: =IF(AND('Data Summary'!C136="PASS",'Data - Sample Type 1'!GE8<>0),'Data - Sample Type 1'!GE8,"") -> 71.3 | U9: =IF(AND('Data Summary'!C136="PASS",S9<>""),'Data - Sample Type 1'!GF8,"") -> 267.3 | W9: =IF('Data Summary'!C136="PASS",IF('Data - Sample Type 1'!BG8=0,"",'Data - Sample Type 1'!BG8),"") -> 19.7 | Y9: =IF(AND('Data Summary'!C136="PASS",'Data - Sample Type 1'!GM8<>0),'Data - Sample Type 1'!GM8,"") -> 68.5 | AA9: =IF('Data Summary'!C136="PASS",IF('Data - Sample Type 1'!BU8=0,"",'Data - Sample Type 1'!BU8),"") -> 26.4 | AC9: =IF(AND('Data Summary'!C136="PASS",'Data - Sample Type 1'!HC8<>0),'Data - Sample Type 1'!HC8,"") -> 70.3 | AE9: =IF(AND('Data Summary'!C136="PASS",AC9<>""),'Data - Sample Type 1'!HD8,"") -> 95.9 | AG9: =IF(AND('Data Summary'!C136="PASS",'Data - Sample Type 1'!HK8<>0),'Data - Sample Type 1'!HK8,"") -> 70.9 | AI9: =IF(AND('Data Summary'!C136="PASS",AG9<>""),'Data - Sample Type 1'!HL8,"") -> 149.2 | AK9: =IF(AND('Data Summary'!C136="PASS",'Data - Sample Type 1'!HS8<>0),'Data - Sample Type 1'!HS8,"") -> 69.2 | AM9: =IF(AND('Data Summary'!C136="PASS",AK9<>""),'Data - Sample Type 1'!HT8,"") -> 93.4 | AO9: =IF('Data Summary'!C136="PASS",IF('Data - Sample Type 1'!DK8=0,"",'Data - Sample Type 1'!DK8),"") -> 22.7 | AQ9: =IF('Data Summary'!C136="PASS",IF('Data - Sample Type 1'!DY8=0,"",'Data - Sample Type 1'!DY8),"") -> 19.5 | AS9: =IF('Data Summary'!C136="PASS",IF('Data - Sample Type 1'!EM8=0,"",'Data - Sample Type 1'!EM8),"") -> 23.7 | AX9: =IF(AND('Data Summary'!C221="PASS",'Data - Sample Type 2'!IQ8<>0),'Data - Sample Type 2'!IQ8,"") | AZ9: =IF(AND('Data Summary'!C221="PASS",'Data - Sample Type 2'!IY8<>0),'Data - Sample Type 2'!IY8,"") | BB9: =IF(AND('Data Summary'!C221="PASS",AZ9<>""),'Data - Sample Type 2'!IZ8,"") | BD9: =IF(AND('Data Summary'!C221="PASS",'Data - Sample Type 2'!JG8<>0),'Data - Sample Type 2'!JG8,"") | BF9: =IF(AND('Data Summary'!C221="PASS",BD9<>""),'Data - Sample Type 2'!JH8,"") | BH9: =IF('Data Summary'!C221="PASS",IF('Data - Sample Type 2'!BG8=0,"",'Data - Sample Type 2'!BG8),"") | BJ9: =IF(AND('Data Summary'!C221="PASS",'Data - Sample Type 2'!JO8<>0),'Data - Sample Type 2'!JO8,"") | BL9: =IF(AND('Data Summary'!C221="PASS",'Data - Sample Type 2'!HC8<>0),'Data - Sample Type 2'!HC8,"") | BN9: =IF(AND('Data Summary'!C221="PASS",'Data - Sample Type 2'!LS8<>0),'Data - Sample Type 2'!LS8,"") | BP9: =IF(AND('Data Summary'!C221="PASS",BN9<>""),'Data - Sample Type 2'!LT8,"") | BR9: =IF(AND('Data Summary'!C221="PASS",'Data - Sample Type 2'!MI8<>0),'Data - Sample Type 2'!MI8,"") | BT9: =IF(AND('Data Summary'!C221="PASS",BR9<>""),'Data - Sample Type 2'!MJ8,"") | BV9: =IF('Data Summary'!C221="PASS",IF('Data - Sample Type 2'!DY8=0,"",'Data - Sample Type 2'!DY8),"") | BX9: =IF('Data Summary'!C221="PASS",IF('Data - Sample Type 2'!EM8=0,"",'Data - Sample Type 2'!EM8),"")
B10: =IF('Data Summary'!C17="PASS",'Data - First 10'!Q9,"") -> 27.8 | F10: =IF('Data Summary'!C32="PASS",IF('Data Summary'!A32="","",'Data - Sample Type 0'!Q9),"") -> 26.2 | K10: =IF(AND('Data Summary'!C137="PASS",'Data - Sample Type 1'!FO9<>0),'Data - Sample Type 1'!FO9,"") -> 76.2 | M10: =IF('Data Summary'!C137="PASS",IF('Data - Sample Type 1'!AE9=0,"",'Data - Sample Type 1'!AE9),"") -> 24.9 | O10: =IF(AND('Data Summary'!C137="PASS",'Data - Sample Type 1'!FW9<>0),'Data - Sample Type 1'!FW9,"") -> 73.6 | Q10: =IF(AND('Data Summary'!C137="PASS",O10<>""),'Data - Sample Type 1'!FX9,"") -> 94.3 | S10: =IF(AND('Data Summary'!C137="PASS",'Data - Sample Type 1'!GE9<>0),'Data - Sample Type 1'!GE9,"") -> 71.4 | U10: =IF(AND('Data Summary'!C137="PASS",S10<>""),'Data - Sample Type 1'!GF9,"") -> 290.8 | W10: =IF('Data Summary'!C137="PASS",IF('Data - Sample Type 1'!BG9=0,"",'Data - Sample Type 1'!BG9),"") -> 23.1 | Y10: =IF(AND('Data Summary'!C137="PASS",'Data - Sample Type 1'!GM9<>0),'Data - Sample Type 1'!GM9,"") -> 68.6 | AA10: =IF('Data Summary'!C137="PASS",IF('Data - Sample Type 1'!BU9=0,"",'Data - Sample Type 1'!BU9),"") -> 29.1 | AC10: =IF(AND('Data Summary'!C137="PASS",'Data - Sample Type 1'!HC9<>0),'Data - Sample Type 1'!HC9,"") -> 70.4 | AE10: =IF(AND('Data Summary'!C137="PASS",AC10<>""),'Data - Sample Type 1'!HD9,"") -> 94.3 | AG10: =IF(AND('Data Summary'!C137="PASS",'Data - Sample Type 1'!HK9<>0),'Data - Sample Type 1'!HK9,"") -> 71 | AI10: =IF(AND('Data Summary'!C137="PASS",AG10<>""),'Data - Sample Type 1'!HL9,"") -> 153.9 | AK10: =IF(AND('Data Summary'!C137="PASS",'Data - Sample Type 1'!HS9<>0),'Data - Sample Type 1'!HS9,"") -> 69.4 | AM10: =IF(AND('Data Summary'!C137="PASS",AK10<>""),'Data - Sample Type 1'!HT9,"") -> 95.9 | AO10: =IF('Data Summary'!C137="PASS",IF('Data - Sample Type 1'!DK9=0,"",'Data - Sample Type 1'!DK9),"") -> 22.9 | AQ10: =IF('Data Summary'!C137="PASS",IF('Data - Sample Type 1'!DY9=0,"",'Data - Sample Type 1'!DY9),"") -> 21 | AS10: =IF('Data Summary'!C137="PASS",IF('Data - Sample Type 1'!EM9=0,"",'Data - Sample Type 1'!EM9),"") -> 22.4 | AX10: =IF(AND('Data Summary'!C222="PASS",'Data - Sample Type 2'!IQ9<>0),'Data - Sample Type 2'!IQ9,"") -> 70.5 | AZ10: =IF(AND('Data Summary'!C222="PASS",'Data - Sample Type 2'!IY9<>0),'Data - Sample Type 2'!IY9,"") -> 67.8 | BB10: =IF(AND('Data Summary'!C222="PASS",AZ10<>""),'Data - Sample Type 2'!IZ9,"") -> 154.3 | BD10: =IF(AND('Data Summary'!C222="PASS",'Data - Sample Type 2'!JG9<>0),'Data - Sample Type 2'!JG9,"") -> 75.4 | BF10: =IF(AND('Data Summary'!C222="PASS",BD10<>""),'Data - Sample Type 2'!JH9,"") -> 162.8 | BH10: =IF('Data Summary'!C222="PASS",IF('Data - Sample Type 2'!BG9=0,"",'Data - Sample Type 2'!BG9),"") -> 21.9 | BJ10: =IF(AND('Data Summary'!C222="PASS",'Data - Sample Type 2'!JO9<>0),'Data - Sample Type 2'!JO9,"") -> 65.6 | BL10: =IF(AND('Data Summary'!C222="PASS",'Data - Sample Type 2'!HC9<>0),'Data - Sample Type 2'!HC9,"") -> 69.3 | BN10: =IF(AND('Data Summary'!C222="PASS",'Data - Sample Type 2'!LS9<>0),'Data - Sample Type 2'!LS9,"") -> 75.5 | BP10: =IF(AND('Data Summary'!C222="PASS",BN10<>""),'Data - Sample Type 2'!LT9,"") -> 118.1 | BR10: =IF(AND('Data Summary'!C222="PASS",'Data - Sample Type 2'!MI9<>0),'Data - Sample Type 2'!MI9,"") -> 65.5 | BT10: =IF(AND('Data Summary'!C222="PASS",BR10<>""),'Data - Sample Type 2'!MJ9,"") -> 107.5 | BV10: =IF('Data Summary'!C222="PASS",IF('Data - Sample Type 2'!DY9=0,"",'Data - Sample Type 2'!DY9),"") -> 23.7 | BX10: =IF('Data Summary'!C222="PASS",IF('Data - Sample Type 2'!EM9=0,"",'Data - Sample Type 2'!EM9),"") -> 24.9
B11: =IF('Data Summary'!C18="PASS",'Data - First 10'!Q10,"") -> 27.1 | F11: =IF('Data Summary'!C33="PASS",IF('Data Summary'!A33="","",'Data - Sample Type 0'!Q10),"") -> 26.3 | J11: 2 | K11: =IF(AND('Data Summary'!C138="PASS",'Data - Sample Type 1'!FO10<>0),'Data - Sample Type 1'!FO10,"") -> 76.1 | L11: =AVERAGE(K11:K18) -> 76.1125 | M11: =IF('Data Summary'!C138="PASS",IF('Data - Sample Type 1'!AE10=0,"",'Data - Sample Type 1'!AE10),"") -> 24.4 | N11: =AVERAGE(M11:M18) -> 24.65 | O11: =IF(AND('Data Summary'!C138="PASS",'Data - Sample Type 1'!FW10<>0),'Data - Sample Type 1'!FW10,"") -> 73.6 | P11: =AVERAGE(O11:O18) -> 73.5625 | Q11: =IF(AND('Data Summary'!C138="PASS",O11<>""),'Data - Sample Type 1'!FX10,"") -> 108.7 | R11: =AVERAGE(Q11:Q18) -> 89.275 | S11: =IF(AND('Data Summary'!C138="PASS",'Data - Sample Type 1'!GE10<>0),'Data - Sample Type 1'!GE10,"") -> 71.4 | T11: =AVERAGE(S11:S18) -> 71.3375 | U11: =IF(AND('Data Summary'!C138="PASS",S11<>""),'Data - Sample Type 1'!GF10,"") -> 235.6 | V11: =AVERAGE(U11:U18) -> 227.6875 | W11: =IF('Data Summary'!C138="PASS",IF('Data - Sample Type 1'!BG10=0,"",'Data - Sample Type 1'!BG10),"") -> 22.2 | X11: =AVERAGE(W11:W18) -> 21.4125 | Y11: =IF(AND('Data Summary'!C138="PASS",'Data - Sample Type 1'!GM10<>0),'Data - Sample Type 1'!GM10,"") -> 68.5 | Z11: =AVERAGE(Y11:Y18) -> 68.5125 | AA11: =IF('Data Summary'!C138="PASS",IF('Data - Sample Type 1'!BU10=0,"",'Data - Sample Type 1'!BU10),"") -> 29.5 | AB11: =AVERAGE(AA11:AA18) -> 29.025 | AC11: =IF(AND('Data Summary'!C138="PASS",'Data - Sample Type 1'!HC10<>0),'Data - Sample Type 1'!HC10,"") -> 70.4 | AD11: =AVERAGE(AC11:AC18) -> 70.3625 | AE11: =IF(AND('Data Summary'!C138="PASS",AC11<>""),'Data - Sample Type 1'!HD10,"") -> 89.1 | AF11: =AVERAGE(AE11:AE18) -> 81.15 | AG11: =IF(AND('Data Summary'!C138="PASS",'Data - Sample Type 1'!HK10<>0),'Data - Sample Type 1'!HK10,"") -> 71 | AH11: =AVERAGE(AG11:AG18) -> 70.9625 | AI11: =IF(AND('Data Summary'!C138="PASS",AG11<>""),'Data - Sample Type 1'!HL10,"") -> 143.2 | AJ11: =AVERAGE(AI11:AI18) -> 128.1875 | AK11: =IF(AND('Data Summary'!C138="PASS",'Data - Sample Type 1'!HS10<>0),'Data - Sample Type 1'!HS10,"") -> 69.3 | AL11: =AVERAGE(AK11:AK18) -> 69.2875 | AM11: =IF(AND('Data Summary'!C138="PASS",AK11<>""),'Data - Sample Type 1'!HT10,"") -> 86 | AN11: =AVERAGE(AM11:AM18) -> 82.475 | AO11: =IF('Data Summary'!C138="PASS",IF('Data - Sample Type 1'!DK10=0,"",'Data - Sample Type 1'!DK10),"") -> 24.6 | AP11: =AVERAGE(AO11:AO18) -> 24 | AQ11: =IF('Data Summary'!C138="PASS",IF('Data - Sample Type 1'!DY10=0,"",'Data - Sample Type 1'!DY10),"") -> 21.2 | AR11: =AVERAGE(AQ11:AQ18) -> 20.7375 | AS11: =IF('Data Summary'!C138="PASS",IF('Data - Sample Type 1'!EM10=0,"",'Data - Sample Type 1'!EM10),"") -> 25.1 | AT11: =AVERAGE(AS11:AS18) -> 24.6875 | AX11: =IF(AND('Data Summary'!C223="PASS",'Data - Sample Type 2'!IQ10<>0),'Data - Sample Type 2'!IQ10,"") | AZ11: =IF(AND('Data Summary'!C223="PASS",'Data - Sample Type 2'!IY10<>0),'Data - Sample Type 2'!IY10,"") | BB11: =IF(AND('Data Summary'!C223="PASS",AZ11<>""),'Data - Sample Type 2'!IZ10,"") | BD11: =IF(AND('Data Summary'!C223="PASS",'Data - Sample Type 2'!JG10<>0),'Data - Sample Type 2'!JG10,"") | BF11: =IF(AND('Data Summary'!C223="PASS",BD11<>""),'Data - Sample Type 2'!JH10,"") | BH11: =IF('Data Summary'!C223="PASS",IF('Data - Sample Type 2'!BG10=0,"",'Data - Sample Type 2'!BG10),"") | BJ11: =IF(AND('Data Summary'!C223="PASS",'Data - Sample Type 2'!JO10<>0),'Data - Sample Type 2'!JO10,"") | BL11: =IF(AND('Data Summary'!C223="PASS",'Data - Sample Type 2'!HC10<>0),'Data - Sample Type 2'!HC10,"") | BN11: =IF(AND('Data Summary'!C223="PASS",'Data - Sample Type 2'!LS10<>0),'Data - Sample Type 2'!LS10,"") | BP11: =IF(AND('Data Summary'!C223="PASS",BN11<>""),'Data - Sample Type 2'!LT10,"") | BR11: =IF(AND('Data Summary'!C223="PASS",'Data - Sample Type 2'!MI10<>0),'Data - Sample Type 2'!MI10,"") | BT11: =IF(AND('Data Summary'!C223="PASS",BR11<>""),'Data - Sample Type 2'!MJ10,"") | BV11: =IF('Data Summary'!C223="PASS",IF('Data - Sample Type 2'!DY10=0,"",'Data - Sample Type 2'!DY10),"") | BX11: =IF('Data Summary'!C223="PASS",IF('Data - Sample Type 2'!EM10=0,"",'Data - Sample Type 2'!EM10),"")
B12: =IF('Data Summary'!C19="PASS",'Data - First 10'!Q11,"") -> 28.6 | F12: =IF('Data Summary'!C34="PASS",IF('Data Summary'!A34="","",'Data - Sample Type 0'!Q11),"") -> 27.4 | K12: =IF(AND('Data Summary'!C139="PASS",'Data - Sample Type 1'!FO11<>0),'Data - Sample Type 1'!FO11,"") -> 76.1 | M12: =IF('Data Summary'!C139="PASS",IF('Data - Sample Type 1'!AE11=0,"",'Data - Sample Type 1'!AE11),"") -> 24.9 | O12: =IF(AND('Data Summary'!C139="PASS",'Data - Sample Type 1'!FW11<>0),'Data - Sample Type 1'!FW11,"") -> 73.6 | Q12: =IF(AND('Data Summary'!C139="PASS",O12<>""),'Data - Sample Type 1'!FX11,"") -> 76.7 | S12: =IF(AND('Data Summary'!C139="PASS",'Data - Sample Type 1'!GE11<>0),'Data - Sample Type 1'!GE11,"") -> 71.3 | U12: =IF(AND('Data Summary'!C139="PASS",S12<>""),'Data - Sample Type 1'!GF11,"") -> 199.1 | W12: =IF('Data Summary'!C139="PASS",IF('Data - Sample Type 1'!BG11=0,"",'Data - Sample Type 1'!BG11),"") -> 20.8 | Y12: =IF(AND('Data Summary'!C139="PASS",'Data - Sample Type 1'!GM11<>0),'Data - Sample Type 1'!GM11,"") -> 68.4 | AA12: =IF('Data Summary'!C139="PASS",IF('Data - Sample Type 1'!BU11=0,"",'Data - Sample Type 1'!BU11),"") -> 29.8 | AC12: =IF(AND('Data Summary'!C139="PASS",'Data - Sample Type 1'!HC11<>0),'Data - Sample Type 1'!HC11,"") -> 70.4 | AE12: =IF(AND('Data Summary'!C139="PASS",AC12<>""),'Data - Sample Type 1'!HD11,"") -> 69.2 | AG12: =IF(AND('Data Summary'!C139="PASS",'Data - Sample Type 1'!HK11<>0),'Data - Sample Type 1'!HK11,"") -> 71 | AI12: =IF(AND('Data Summary'!C139="PASS",AG12<>""),'Data - Sample Type 1'!HL11,"") -> 143.4 | AK12: =IF(AND('Data Summary'!C139="PASS",'Data - Sample Type 1'!HS11<>0),'Data - Sample Type 1'!HS11,"") -> 69.2 | AM12: =IF(AND('Data Summary'!C139="PASS",AK12<>""),'Data - Sample Type 1'!HT11,"") -> 73.5 | AO12: =IF('Data Summary'!C139="PASS",IF('Data - Sample Type 1'!DK11=0,"",'Data - Sample Type 1'!DK11),"") -> 24.2 | AQ12: =IF('Data Summary'!C139="PASS",IF('Data - Sample Type 1'!DY11=0,"",'Data - Sample Type 1'!DY11),"") -> 20.7 | AS12: =IF('Data Summary'!C139="PASS",IF('Data - Sample Type 1'!EM11=0,"",'Data - Sample Type 1'!EM11),"") -> 24.7 | AX12: =IF(AND('Data Summary'!C224="PASS",'Data - Sample Type 2'!IQ11<>0),'Data - Sample Type 2'!IQ11,"") -> 70.6 | AZ12: =IF(AND('Data Summary'!C224="PASS",'Data - Sample Type 2'!IY11<>0),'Data - Sample Type 2'!IY11,"") -> 67.9 | BB12: =IF(AND('Data Summary'!C224="PASS",AZ12<>""),'Data - Sample Type 2'!IZ11,"") -> 132.8 | BD12: =IF(AND('Data Summary'!C224="PASS",'Data - Sample Type 2'!JG11<>0),'Data - Sample Type 2'!JG11,"") -> 75.5 | BF12: =IF(AND('Data Summary'!C224="PASS",BD12<>""),'Data - Sample Type 2'!JH11,"") -> 173 | BH12: =IF('Data Summary'!C224="PASS",IF('Data - Sample Type 2'!BG11=0,"",'Data - Sample Type 2'!BG11),"") -> 24.2 | BJ12: =IF(AND('Data Summary'!C224="PASS",'Data - Sample Type 2'!JO11<>0),'Data - Sample Type 2'!JO11,"") -> 65.7 | BL12: =IF(AND('Data Summary'!C224="PASS",'Data - Sample Type 2'!HC11<>0),'Data - Sample Type 2'!HC11,"") -> 69.5 | BN12: =IF(AND('Data Summary'!C224="PASS",'Data - Sample Type 2'!LS11<>0),'Data - Sample Type 2'!LS11,"") -> 75.6 | BP12: =IF(AND('Data Summary'!C224="PASS",BN12<>""),'Data - Sample Type 2'!LT11,"") -> 124 | BR12: =IF(AND('Data Summary'!C224="PASS",'Data - Sample Type 2'!MI11<>0),'Data - Sample Type 2'!MI11,"") -> 65.5 | BT12: =IF(AND('Data Summary'!C224="PASS",BR12<>""),'Data - Sample Type 2'!MJ11,"") -> 101 | BV12: =IF('Data Summary'!C224="PASS",IF('Data - Sample Type 2'!DY11=0,"",'Data - Sample Type 2'!DY11),"") -> 24.2 | BX12: =IF('Data Summary'!C224="PASS",IF('Data - Sample Type 2'!EM11=0,"",'Data - Sample Type 2'!EM11),"") -> 24.3
E13: 2 | F13: =IF('Data Summary'!C35="PASS",IF('Data Summary'!A35="","",'Data - Sample Type 0'!Q12),"") -> 27.4 | G13: =AVERAGE(F13:F22) -> 26.79 | K13: =IF(AND('Data Summary'!C140="PASS",'Data - Sample Type 1'!FO12<>0),'Data - Sample Type 1'!FO12,"") -> 76.2 | M13: =IF('Data Summary'!C140="PASS",IF('Data - Sample Type 1'!AE12=0,"",'Data - Sample Type 1'!AE12),"") -> 23.8 | O13: =IF(AND('Data Summary'!C140="PASS",'Data - Sample Type 1'!FW12<>0),'Data - Sample Type 1'!FW12,"") -> 73.6 | Q13: =IF(AND('Data Summary'!C140="PASS",O13<>""),'Data - Sample Type 1'!FX12,"") -> 85.3 | S13: =IF(AND('Data Summary'!C140="PASS",'Data - Sample Type 1'!GE12<>0),'Data - Sample Type 1'!GE12,"") -> 71.4 | U13: =IF(AND('Data Summary'!C140="PASS",S13<>""),'Data - Sample Type 1'!GF12,"") -> 228.2 | W13: =IF('Data Summary'!C140="PASS",IF('Data - Sample Type 1'!BG12=0,"",'Data - Sample Type 1'!BG12),"") -> 18.5 | Y13: =IF(AND('Data Summary'!C140="PASS",'Data - Sample Type 1'!GM12<>0),'Data - Sample Type 1'!GM12,"") -> 68.6 | AA13: =IF('Data Summary'!C140="PASS",IF('Data - Sample Type 1'!BU12=0,"",'Data - Sample Type 1'!BU12),"") -> 27.6 | AC13: =IF(AND('Data Summary'!C140="PASS",'Data - Sample Type 1'!HC12<>0),'Data - Sample Type 1'!HC12,"") -> 70.4 | AE13: =IF(AND('Data Summary'!C140="PASS",AC13<>""),'Data - Sample Type 1'!HD12,"") -> 89.5 | AG13: =IF(AND('Data Summary'!C140="PASS",'Data - Sample Type 1'!HK12<>0),'Data - Sample Type 1'!HK12,"") -> 71 | AI13: =IF(AND('Data Summary'!C140="PASS",AG13<>""),'Data - Sample Type 1'!HL12,"") -> 131.7 | AK13: =IF(AND('Data Summary'!C140="PASS",'Data - Sample Type 1'!HS12<>0),'Data - Sample Type 1'!HS12,"") -> 69.4 | AM13: =IF(AND('Data Summary'!C140="PASS",AK13<>""),'Data - Sample Type 1'!HT12,"") -> 84.2 | AO13: =IF('Data Summary'!C140="PASS",IF('Data - Sample Type 1'!DK12=0,"",'Data - Sample Type 1'!DK12),"") -> 23.5 | AQ13: =IF('Data Summary'!C140="PASS",IF('Data - Sample Type 1'!DY12=0,"",'Data - Sample Type 1'!DY12),"") -> 20 | AS13: =IF('Data Summary'!C140="PASS",IF('Data - Sample Type 1'!EM12=0,"",'Data - Sample Type 1'!EM12),"") -> 24.1 | AW13: 6-10 | AX13: =IF(AND('Data Summary'!C225="PASS",'Data - Sample Type 2'!IQ12<>0),'Data - Sample Type 2'!IQ12,"") -> 70.7 | AY13: =AVERAGE(AX13:AX22) -> 70.766667 | AZ13: =IF(AND('Data Summary'!C225="PASS",'Data - Sample Type 2'!IY12<>0),'Data - Sample Type 2'!IY12,"") -> 68 | BA13: =AVERAGE(AZ13:AZ22) -> 68.077778 | BB13: =IF(AND('Data Summary'!C225="PASS",AZ13<>""),'Data - Sample Type 2'!IZ12,"") -> 130.9 | BC13: =ROUND(AVERAGE(BB13:BB22),0) -> 130 | BD13: =IF(AND('Data Summary'!C225="PASS",'Data - Sample Type 2'!JG12<>0),'Data - Sample Type 2'!JG12,"") -> 75.8 | BE13: =AVERAGE(BD13:BD22) -> 75.688889 | BF13: =IF(AND('Data Summary'!C225="PASS",BD13<>""),'Data - Sample Type 2'!JH12,"") -> 140.5 | BG13: =ROUND(AVERAGE(BF13:BF22),0) -> 154 | BH13: =IF('Data Summary'!C225="PASS",IF('Data - Sample Type 2'!BG12=0,"",'Data - Sample Type 2'!BG12),"") -> 20.9 | BI13: =AVERAGE(BH13:BH22) -> 22.255556 | BJ13: =IF(AND('Data Summary'!C225="PASS",'Data - Sample Type 2'!JO12<>0),'Data - Sample Type 2'!JO12,"") -> 65.8 | BK13: =AVERAGE(BJ13:BJ22) -> 65.877778 | BL13: =IF(AND('Data Summary'!C225="PASS",'Data - Sample Type 2'!HC12<>0),'Data - Sample Type 2'!HC12,"") -> 69.8 | BM13: =AVERAGE(BL13:BL22) -> 69.644444 | BN13: =IF(AND('Data Summary'!C225="PASS",'Data - Sample Type 2'!LS12<>0),'Data - Sample Type 2'!LS12,"") -> 75.9 | BO13: =AVERAGE(BN13:BN22) -> 75.833333 | BP13: =IF(AND('Data Summary'!C225="PASS",BN13<>""),'Data - Sample Type 2'!LT12,"") -> 103.2 | BQ13: =ROUND(AVERAGE(BP13:BP22),0) -> 114 | BR13: =IF(AND('Data Summary'!C225="PASS",'Data - Sample Type 2'!MI12<>0),'Data - Sample Type 2'!MI12,"") -> 65.6 | BS13: =AVERAGE(BR13:BR22) -> 65.688889 | BT13: =IF(AND('Data Summary'!C225="PASS",BR13<>""),'Data - Sample Type 2'!MJ12,"") -> 83.1 | BU13: =ROUND(AVERAGE(BT13:BT22),0) -> 90 | BV13: =IF('Data Summary'!C225="PASS",IF('Data - Sample Type 2'!DY12=0,"",'Data - Sample Type 2'!DY12),"") -> 22.2 | BW13: =AVERAGE(BV13:BV22) -> 23.811111 | BX13: =IF('Data Summary'!C225="PASS",IF('Data - Sample Type 2'!EM12=0,"",'Data - Sample Type 2'!EM12),"") -> 22.2 | BY13: =AVERAGE(BX13:BX22) -> 24.355556
E14: 2 | F14: =IF('Data Summary'!C36="PASS",IF('Data Summary'!A36="","",'Data - Sample Type 0'!Q13),"") -> 27.4 | K14: =IF(AND('Data Summary'!C141="PASS",'Data - Sample Type 1'!FO13<>0),'Data - Sample Type 1'!FO13,"") -> 76.3 | M14: =IF('Data Summary'!C141="PASS",IF('Data - Sample Type 1'!AE13=0,"",'Data - Sample Type 1'!AE13),"") -> 23.4 | O14: =IF(AND('Data Summary'!C141="PASS",'Data - Sample Type 1'!FW13<>0),'Data - Sample Type 1'!FW13,"") -> 73.7 | Q14: =IF(AND('Data Summary'!C141="PASS",O14<>""),'Data - Sample Type 1'!FX13,"") -> 84 | S14: =IF(AND('Data Summary'!C141="PASS",'Data - Sample Type 1'!GE13<>0),'Data - Sample Type 1'!GE13,"") -> 71.4 | U14: =IF(AND('Data Summary'!C141="PASS",S14<>""),'Data - Sample Type 1'!GF13,"") -> 204.2 | W14: =IF('Data Summary'!C141="PASS",IF('Data - Sample Type 1'!BG13=0,"",'Data - Sample Type 1'!BG13),"") -> 21.8 | Y14: =IF(AND('Data Summary'!C141="PASS",'Data - Sample Type 1'!GM13<>0),'Data - Sample Type 1'!GM13,"") -> 68.7 | AA14: =IF('Data Summary'!C141="PASS",IF('Data - Sample Type 1'!BU13=0,"",'Data - Sample Type 1'!BU13),"") -> 27.8 | AC14: =IF(AND('Data Summary'!C141="PASS",'Data - Sample Type 1'!HC13<>0),'Data - Sample Type 1'!HC13,"") -> 70.4 | AE14: =IF(AND('Data Summary'!C141="PASS",AC14<>""),'Data - Sample Type 1'!HD13,"") -> 87.7 | AG14: =IF(AND('Data Summary'!C141="PASS",'Data - Sample Type 1'!HK13<>0),'Data - Sample Type 1'!HK13,"") -> 71 | AI14: =IF(AND('Data Summary'!C141="PASS",AG14<>""),'Data - Sample Type 1'!HL13,"") -> 127.4 | AK14: =IF(AND('Data Summary'!C141="PASS",'Data - Sample Type 1'!HS13<>0),'Data - Sample Type 1'!HS13,"") -> 69.5 | AM14: =IF(AND('Data Summary'!C141="PASS",AK14<>""),'Data - Sample Type 1'!HT13,"") -> 79.8 | AO14: =IF('Data Summary'!C141="PASS",IF('Data - Sample Type 1'!DK13=0,"",'Data - Sample Type 1'!DK13),"") -> 23.1 | AQ14: =IF('Data Summary'!C141="PASS",IF('Data - Sample Type 1'!DY13=0,"",'Data - Sample Type 1'!DY13),"") -> 19.9 | AS14: =IF('Data Summary'!C141="PASS",IF('Data - Sample Type 1'!EM13=0,"",'Data - Sample Type 1'!EM13),"") -> 24.2 | AX14: =IF(AND('Data Summary'!C226="PASS",'Data - Sample Type 2'!IQ13<>0),'Data - Sample Type 2'!IQ13,"") -> 70.7 | AZ14: =IF(AND('Data Summary'!C226="PASS",'Data - Sample Type 2'!IY13<>0),'Data - Sample Type 2'!IY13,"") -> 68 | BB14: =IF(AND('Data Summary'!C226="PASS",AZ14<>""),'Data - Sample Type 2'!IZ13,"") -> 157.9 | BD14: =IF(AND('Data Summary'!C226="PASS",'Data - Sample Type 2'!JG13<>0),'Data - Sample Type 2'!JG13,"") -> 75.7 | BF14: =IF(AND('Data Summary'!C226="PASS",BD14<>""),'Data - Sample Type 2'!JH13,"") -> 151.9 | BH14: =IF('Data Summary'!C226="PASS",IF('Data - Sample Type 2'!BG13=0,"",'Data - Sample Type 2'!BG13),"") -> 22 | BJ14: =IF(AND('Data Summary'!C226="PASS",'Data - Sample Type 2'!JO13<>0),'Data - Sample Type 2'!JO13,"") -> 65.8 | BL14: =IF(AND('Data Summary'!C226="PASS",'Data - Sample Type 2'!HC13<>0),'Data - Sample Type 2'!HC13,"") -> 69.8 | BN14: =IF(AND('Data Summary'!C226="PASS",'Data - Sample Type 2'!LS13<>0),'Data - Sample Type 2'!LS13,"") -> 75.9 | BP14: =IF(AND('Data Summary'!C226="PASS",BN14<>""),'Data - Sample Type 2'!LT13,"") -> 130.9 | BR14: =IF(AND('Data Summary'!C226="PASS",'Data - Sample Type 2'!MI13<>0),'Data - Sample Type 2'!MI13,"") -> 65.6 | BT14: =IF(AND('Data Summary'!C226="PASS",BR14<>""),'Data - Sample Type 2'!MJ13,"") -> 94.3 | BV14: =IF('Data Summary'!C226="PASS",IF('Data - Sample Type 2'!DY13=0,"",'Data - Sample Type 2'!DY13),"") -> 23.5 | BX14: =IF('Data Summary'!C226="PASS",IF('Data - Sample Type 2'!EM13=0,"",'Data - Sample Type 2'!EM13),"") -> 24.2
F15: =IF('Data Summary'!C37="PASS",IF('Data Summary'!A37="","",'Data - Sample Type 0'!Q14),"") -> 25.8 | K15: =IF(AND('Data Summary'!C142="PASS",'Data - Sample Type 1'!FO14<>0),'Data - Sample Type 1'!FO14,"") -> 76 | L15: =IF(AND(L11>=Specifications!$C$21,L11<=Specifications!$D$21),"PASS","FAIL") -> PASS | M15: =IF('Data Summary'!C142="PASS",IF('Data - Sample Type 1'!AE14=0,"",'Data - Sample Type 1'!AE14),"") -> 25.4 | N15: =IF(N11<=Specifications!D$22,"PASS","FAIL") -> PASS | O15: =IF(AND('Data Summary'!C142="PASS",'Data - Sample Type 1'!FW14<>0),'Data - Sample Type 1'!FW14,"") -> 73.5 | P15: =IF(AND(P11>=Specifications!$C$23,P11<=Specifications!$D$23),"PASS","FAIL") -> PASS | Q15: =IF(AND('Data Summary'!C142="PASS",O15<>""),'Data - Sample Type 1'!FX14,"") -> 90.1 | R15: FIO | S15: =IF(AND('Data Summary'!C142="PASS",'Data - Sample Type 1'!GE14<>0),'Data - Sample Type 1'!GE14,"") -> 71.3 | T15: =IF(AND(T11>=Specifications!$C$25,T11<=Specifications!$D$25),"PASS","FAIL") -> PASS | U15: =IF(AND('Data Summary'!C142="PASS",S15<>""),'Data - Sample Type 1'!GF14,"") -> 232.7 | V15: FIO | W15: =IF('Data Summary'!C142="PASS",IF('Data - Sample Type 1'!BG14=0,"",'Data - Sample Type 1'!BG14),"") -> 21.6 | X15: =IF(X11<=Specifications!D$27,"PASS","FAIL") -> PASS | Y15: =IF(AND('Data Summary'!C142="PASS",'Data - Sample Type 1'!GM14<>0),'Data - Sample Type 1'!GM14,"") -> 68.4 | Z15: =IF(AND(Z11>=Specifications!$C$28,Z11<=Specifications!$D$28),"PASS","FAIL") -> PASS | AA15: =IF('Data Summary'!C142="PASS",IF('Data - Sample Type 1'!BU14=0,"",'Data - Sample Type 1'!BU14),"") -> 29.5 | AB15: FIO | AC15: =IF(AND('Data Summary'!C142="PASS",'Data - Sample Type 1'!HC14<>0),'Data - Sample Type 1'!HC14,"") -> 70.3 | AD15: =IF(AND(AD11>=Specifications!$C$31,AD11<=Specifications!$D$31),"PASS","FAIL") -> PASS | AE15: =IF(AND('Data Summary'!C142="PASS",AC15<>""),'Data - Sample Type 1'!HD14,"") -> 74.7 | AF15: FIO | AG15: =IF(AND('Data Summary'!C142="PASS",'Data - Sample Type 1'!HK14<>0),'Data - Sample Type 1'!HK14,"") -> 70.9 | AH15: =IF(AND(AH11>=Specifications!$C$33,AH11<=Specifications!$D$33),"PASS","FAIL") -> PASS | AI15: =IF(AND('Data Summary'!C142="PASS",AG15<>""),'Data - Sample Type 1'!HL14,"") -> 114.8 | AJ15: FIO | AK15: =IF(AND('Data Summary'!C142="PASS",'Data - Sample Type 1'!HS14<>0),'Data - Sample Type 1'!HS14,"") -> 69.2 | AL15: =IF(AND(AL11>=Specifications!$C$35,AL11<=Specifications!$D$35),"PASS","FAIL") -> PASS | AM15: =IF(AND('Data Summary'!C142="PASS",AK15<>""),'Data - Sample Type 1'!HT14,"") -> 84 | AN15: FIO | AO15: =IF('Data Summary'!C142="PASS",IF('Data - Sample Type 1'!DK14=0,"",'Data - Sample Type 1'!DK14),"") -> 23.3 | AP15: =IF(AP11<=Specifications!$D$37,"PASS","FAIL") -> PASS | AQ15: =IF('Data Summary'!C142="PASS",IF('Data - Sample Type 1'!DY14=0,"",'Data - Sample Type 1'!DY14),"") -> 20.9 | AR15: =IF(AR11<=Specifications!$D$38,"PASS","FAIL") -> PASS | AS15: =IF('Data Summary'!C142="PASS",IF('Data - Sample Type 1'!EM14=0,"",'Data - Sample Type 1'!EM14),"") -> 23.8 | AT15: =IF(AT11<=Specifications!$D$39,"PASS","FAIL") -> PASS | AX15: =IF(AND('Data Summary'!C227="PASS",'Data - Sample Type 2'!IQ14<>0),'Data - Sample Type 2'!IQ14,"") -> 70.5 | AZ15: =IF(AND('Data Summary'!C227="PASS",'Data - Sample Type 2'!IY14<>0),'Data - Sample Type 2'!IY14,"") -> 67.8 | BB15: =IF(AND('Data Summary'!C227="PASS",AZ15<>""),'Data - Sample Type 2'!IZ14,"") -> 126.5 | BD15: =IF(AND('Data Summary'!C227="PASS",'Data - Sample Type 2'!JG14<>0),'Data - Sample Type 2'!JG14,"") -> 75.4 | BF15: =IF(AND('Data Summary'!C227="PASS",BD15<>""),'Data - Sample Type 2'!JH14,"") -> 165 | BH15: =IF('Data Summary'!C227="PASS",IF('Data - Sample Type 2'!BG14=0,"",'Data - Sample Type 2'!BG14),"") -> 25 | BJ15: =IF(AND('Data Summary'!C227="PASS",'Data - Sample Type 2'!JO14<>0),'Data - Sample Type 2'!JO14,"") -> 65.7 | BL15: =IF(AND('Data Summary'!C227="PASS",'Data - Sample Type 2'!HC14<>0),'Data - Sample Type 2'!HC14,"") -> 69.5 | BN15: =IF(AND('Data Summary'!C227="PASS",'Data - Sample Type 2'!LS14<>0),'Data - Sample Type 2'!LS14,"") -> 75.5 | BP15: =IF(AND('Data Summary'!C227="PASS",BN15<>""),'Data - Sample Type 2'!LT14,"") -> 120.7 | BR15: =IF(AND('Data Summary'!C227="PASS",'Data - Sample Type 2'!MI14<>0),'Data - Sample Type 2'!MI14,"") -> 65.5 | BT15: =IF(AND('Data Summary'!C227="PASS",BR15<>""),'Data - Sample Type 2'!MJ14,"") -> 88.2 | BV15: =IF('Data Summary'!C227="PASS",IF('Data - Sample Type 2'!DY14=0,"",'Data - Sample Type 2'!DY14),"") -> 25.1 | BX15: =IF('Data Summary'!C227="PASS",IF('Data - Sample Type 2'!EM14=0,"",'Data - Sample Type 2'!EM14),"") -> 25.1
F16: =IF('Data Summary'!C38="PASS",IF('Data Summary'!A38="","",'Data - Sample Type 0'!Q15),"") -> 26.1 | K16: =IF(AND('Data Summary'!C143="PASS",'Data - Sample Type 1'!FO15<>0),'Data - Sample Type 1'!FO15,"") -> 75.6 | M16: =IF('Data Summary'!C143="PASS",IF('Data - Sample Type 1'!AE15=0,"",'Data - Sample Type 1'!AE15),"") -> 27.5 | O16: =IF(AND('Data Summary'!C143="PASS",'Data - Sample Type 1'!FW15<>0),'Data - Sample Type 1'!FW15,"") -> 73.2 | Q16: =IF(AND('Data Summary'!C143="PASS",O16<>""),'Data - Sample Type 1'!FX15,"") -> 87.6 | S16: =IF(AND('Data Summary'!C143="PASS",'Data - Sample Type 1'!GE15<>0),'Data - Sample Type 1'!GE15,"") -> 71 | U16: =IF(AND('Data Summary'!C143="PASS",S16<>""),'Data - Sample Type 1'!GF15,"") -> 228 | W16: =IF('Data Summary'!C143="PASS",IF('Data - Sample Type 1'!BG15=0,"",'Data - Sample Type 1'!BG15),"") -> 22.9 | Y16: =IF(AND('Data Summary'!C143="PASS",'Data - Sample Type 1'!GM15<>0),'Data - Sample Type 1'!GM15,"") -> 68 | AA16: =IF('Data Summary'!C143="PASS",IF('Data - Sample Type 1'!BU15=0,"",'Data - Sample Type 1'!BU15),"") -> 31.5 | AC16: =IF(AND('Data Summary'!C143="PASS",'Data - Sample Type 1'!HC15<>0),'Data - Sample Type 1'!HC15,"") -> 70.2 | AE16: =IF(AND('Data Summary'!C143="PASS",AC16<>""),'Data - Sample Type 1'!HD15,"") -> 75.9 | AG16: =IF(AND('Data Summary'!C143="PASS",'Data - Sample Type 1'!HK15<>0),'Data - Sample Type 1'!HK15,"") -> 70.7 | AI16: =IF(AND('Data Summary'!C143="PASS",AG16<>""),'Data - Sample Type 1'!HL15,"") -> 114.8 | AK16: =IF(AND('Data Summary'!C143="PASS",'Data - Sample Type 1'!HS15<>0),'Data - Sample Type 1'!HS15,"") -> 68.8 | AM16: =IF(AND('Data Summary'!C143="PASS",AK16<>""),'Data - Sample Type 1'!HT15,"") -> 94.5 | AO16: =IF('Data Summary'!C143="PASS",IF('Data - Sample Type 1'!DK15=0,"",'Data - Sample Type 1'!DK15),"") -> 26.1 | AQ16: =IF('Data Summary'!C143="PASS",IF('Data - Sample Type 1'!DY15=0,"",'Data - Sample Type 1'!DY15),"") -> 22.7 | AS16: =IF('Data Summary'!C143="PASS",IF('Data - Sample Type 1'!EM15=0,"",'Data - Sample Type 1'!EM15),"") -> 27.4 | AX16: =IF(AND('Data Summary'!C228="PASS",'Data - Sample Type 2'!IQ15<>0),'Data - Sample Type 2'!IQ15,"") -> 70.8 | AZ16: =IF(AND('Data Summary'!C228="PASS",'Data - Sample Type 2'!IY15<>0),'Data - Sample Type 2'!IY15,"") -> 68.1 | BB16: =IF(AND('Data Summary'!C228="PASS",AZ16<>""),'Data - Sample Type 2'!IZ15,"") -> 119 | BD16: =IF(AND('Data Summary'!C228="PASS",'Data - Sample Type 2'!JG15<>0),'Data - Sample Type 2'!JG15,"") -> 75.7 | BF16: =IF(AND('Data Summary'!C228="PASS",BD16<>""),'Data - Sample Type 2'!JH15,"") -> 156.9 | BH16: =IF('Data Summary'!C228="PASS",IF('Data - Sample Type 2'!BG15=0,"",'Data - Sample Type 2'!BG15),"") -> 24 | BJ16: =IF(AND('Data Summary'!C228="PASS",'Data - Sample Type 2'!JO15<>0),'Data - Sample Type 2'!JO15,"") -> 65.9 | BL16: =IF(AND('Data Summary'!C228="PASS",'Data - Sample Type 2'!HC15<>0),'Data - Sample Type 2'!HC15,"") -> 69.4 | BN16: =IF(AND('Data Summary'!C228="PASS",'Data - Sample Type 2'!LS15<>0),'Data - Sample Type 2'!LS15,"") -> 75.9 | BP16: =IF(AND('Data Summary'!C228="PASS",BN16<>""),'Data - Sample Type 2'!LT15,"") -> 100.9 | BR16: =IF(AND('Data Summary'!C228="PASS",'Data - Sample Type 2'!MI15<>0),'Data - Sample Type 2'!MI15,"") -> 65.7 | BT16: =IF(AND('Data Summary'!C228="PASS",BR16<>""),'Data - Sample Type 2'!MJ15,"") -> 84.3 | BV16: =IF('Data Summary'!C228="PASS",IF('Data - Sample Type 2'!DY15=0,"",'Data - Sample Type 2'!DY15),"") -> 24.3 | BX16: =IF('Data Summary'!C228="PASS",IF('Data - Sample Type 2'!EM15=0,"",'Data - Sample Type 2'!EM15),"") -> 25.4
F17: =IF('Data Summary'!C39="PASS",IF('Data Summary'!A39="","",'Data - Sample Type 0'!Q16),"") -> 26.8 | K17: =IF(AND('Data Summary'!C144="PASS",'Data - Sample Type 1'!FO16<>0),'Data - Sample Type 1'!FO16,"") -> 76.4 | M17: =IF('Data Summary'!C144="PASS",IF('Data - Sample Type 1'!AE16=0,"",'Data - Sample Type 1'!AE16),"") -> 24.2 | O17: =IF(AND('Data Summary'!C144="PASS",'Data - Sample Type 1'!FW16<>0),'Data - Sample Type 1'!FW16,"") -> 73.7 | Q17: =IF(AND('Data Summary'!C144="PASS",O17<>""),'Data - Sample Type 1'!FX16,"") -> 88 | S17: =IF(AND('Data Summary'!C144="PASS",'Data - Sample Type 1'!GE16<>0),'Data - Sample Type 1'!GE16,"") -> 71.5 | U17: =IF(AND('Data Summary'!C144="PASS",S17<>""),'Data - Sample Type 1'!GF16,"") -> 272.7 | W17: =IF('Data Summary'!C144="PASS",IF('Data - Sample Type 1'!BG16=0,"",'Data - Sample Type 1'!BG16),"") -> 23.1 | Y17: =IF(AND('Data Summary'!C144="PASS",'Data - Sample Type 1'!GM16<>0),'Data - Sample Type 1'!GM16,"") -> 68.9 | AA17: =IF('Data Summary'!C144="PASS",IF('Data - Sample Type 1'!BU16=0,"",'Data - Sample Type 1'!BU16),"") -> 28.3 | AC17: =IF(AND('Data Summary'!C144="PASS",'Data - Sample Type 1'!HC16<>0),'Data - Sample Type 1'!HC16,"") -> 70.4 | AE17: =IF(AND('Data Summary'!C144="PASS",AC17<>""),'Data - Sample Type 1'!HD16,"") -> 80.7 | AG17: =IF(AND('Data Summary'!C144="PASS",'Data - Sample Type 1'!HK16<>0),'Data - Sample Type 1'!HK16,"") -> 71.1 | AI17: =IF(AND('Data Summary'!C144="PASS",AG17<>""),'Data - Sample Type 1'!HL16,"") -> 129.2 | AK17: =IF(AND('Data Summary'!C144="PASS",'Data - Sample Type 1'!HS16<>0),'Data - Sample Type 1'!HS16,"") -> 69.6 | AM17: =IF(AND('Data Summary'!C144="PASS",AK17<>""),'Data - Sample Type 1'!HT16,"") -> 78.8 | AO17: =IF('Data Summary'!C144="PASS",IF('Data - Sample Type 1'!DK16=0,"",'Data - Sample Type 1'!DK16),"") -> 23.7 | AQ17: =IF('Data Summary'!C144="PASS",IF('Data - Sample Type 1'!DY16=0,"",'Data - Sample Type 1'!DY16),"") -> 21.2 | AS17: =IF('Data Summary'!C144="PASS",IF('Data - Sample Type 1'!EM16=0,"",'Data - Sample Type 1'!EM16),"") -> 24.1 | AX17: =IF(AND('Data Summary'!C229="PASS",'Data - Sample Type 2'!IQ16<>0),'Data - Sample Type 2'!IQ16,"") | AZ17: =IF(AND('Data Summary'!C229="PASS",'Data - Sample Type 2'!IY16<>0),'Data - Sample Type 2'!IY16,"") | BB17: =IF(AND('Data Summary'!C229="PASS",AZ17<>""),'Data - Sample Type 2'!IZ16,"") | BD17: =IF(AND('Data Summary'!C229="PASS",'Data - Sample Type 2'!JG16<>0),'Data - Sample Type 2'!JG16,"") | BF17: =IF(AND('Data Summary'!C229="PASS",BD17<>""),'Data - Sample Type 2'!JH16,"") | BH17: =IF('Data Summary'!C229="PASS",IF('Data - Sample Type 2'!BG16=0,"",'Data - Sample Type 2'!BG16),"") | BJ17: =IF(AND('Data Summary'!C229="PASS",'Data - Sample Type 2'!JO16<>0),'Data - Sample Type 2'!JO16,"") | BL17: =IF(AND('Data Summary'!C229="PASS",'Data - Sample Type 2'!HC16<>0),'Data - Sample Type 2'!HC16,"") | BN17: =IF(AND('Data Summary'!C229="PASS",'Data - Sample Type 2'!LS16<>0),'Data - Sample Type 2'!LS16,"") | BP17: =IF(AND('Data Summary'!C229="PASS",BN17<>""),'Data - Sample Type 2'!LT16,"") | BR17: =IF(AND('Data Summary'!C229="PASS",'Data - Sample Type 2'!MI16<>0),'Data - Sample Type 2'!MI16,"") | BT17: =IF(AND('Data Summary'!C229="PASS",BR17<>""),'Data - Sample Type 2'!MJ16,"") | BV17: =IF('Data Summary'!C229="PASS",IF('Data - Sample Type 2'!DY16=0,"",'Data - Sample Type 2'!DY16),"") | BX17: =IF('Data Summary'!C229="PASS",IF('Data - Sample Type 2'!EM16=0,"",'Data - Sample Type 2'!EM16),"")
F18: =IF('Data Summary'!C40="PASS",IF('Data Summary'!A40="","",'Data - Sample Type 0'!Q17),"") -> 27.2 | G18: =IF(G13<=Specifications!$G$20,"PASS","FAIL") -> PASS | K18: =IF(AND('Data Summary'!C145="PASS",'Data - Sample Type 1'!FO17<>0),'Data - Sample Type 1'!FO17,"") -> 76.2 | M18: =IF('Data Summary'!C145="PASS",IF('Data - Sample Type 1'!AE17=0,"",'Data - Sample Type 1'!AE17),"") -> 23.6 | O18: =IF(AND('Data Summary'!C145="PASS",'Data - Sample Type 1'!FW17<>0),'Data - Sample Type 1'!FW17,"") -> 73.6 | Q18: =IF(AND('Data Summary'!C145="PASS",O18<>""),'Data - Sample Type 1'!FX17,"") -> 93.8 | S18: =IF(AND('Data Summary'!C145="PASS",'Data - Sample Type 1'!GE17<>0),'Data - Sample Type 1'!GE17,"") -> 71.4 | U18: =IF(AND('Data Summary'!C145="PASS",S18<>""),'Data - Sample Type 1'!GF17,"") -> 221 | W18: =IF('Data Summary'!C145="PASS",IF('Data - Sample Type 1'!BG17=0,"",'Data - Sample Type 1'!BG17),"") -> 20.4 | Y18: =IF(AND('Data Summary'!C145="PASS",'Data - Sample Type 1'!GM17<>0),'Data - Sample Type 1'!GM17,"") -> 68.6 | AA18: =IF('Data Summary'!C145="PASS",IF('Data - Sample Type 1'!BU17=0,"",'Data - Sample Type 1'!BU17),"") -> 28.2 | AC18: =IF(AND('Data Summary'!C145="PASS",'Data - Sample Type 1'!HC17<>0),'Data - Sample Type 1'!HC17,"") -> 70.4 | AE18: =IF(AND('Data Summary'!C145="PASS",AC18<>""),'Data - Sample Type 1'!HD17,"") -> 82.4 | AG18: =IF(AND('Data Summary'!C145="PASS",'Data - Sample Type 1'!HK17<>0),'Data - Sample Type 1'!HK17,"") -> 71 | AI18: =IF(AND('Data Summary'!C145="PASS",AG18<>""),'Data - Sample Type 1'!HL17,"") -> 121 | AK18: =IF(AND('Data Summary'!C145="PASS",'Data - Sample Type 1'!HS17<>0),'Data - Sample Type 1'!HS17,"") -> 69.3 | AM18: =IF(AND('Data Summary'!C145="PASS",AK18<>""),'Data - Sample Type 1'!HT17,"") -> 79 | AO18: =IF('Data Summary'!C145="PASS",IF('Data - Sample Type 1'!DK17=0,"",'Data - Sample Type 1'!DK17),"") -> 23.5 | AQ18: =IF('Data Summary'!C145="PASS",IF('Data - Sample Type 1'!DY17=0,"",'Data - Sample Type 1'!DY17),"") -> 19.3 | AS18: =IF('Data Summary'!C145="PASS",IF('Data - Sample Type 1'!EM17=0,"",'Data - Sample Type 1'!EM17),"") -> 24.1 | AX18: =IF(AND('Data Summary'!C230="PASS",'Data - Sample Type 2'!IQ17<>0),'Data - Sample Type 2'!IQ17,"") -> 71 | AY18: =IF(AND(AY13>=Specifications!$E$21,AY13<=Specifications!$F$21),"PASS","FAIL") -> PASS | AZ18: =IF(AND('Data Summary'!C230="PASS",'Data - Sample Type 2'!IY17<>0),'Data - Sample Type 2'!IY17,"") -> 68.3 | BA18: =IF(AND(BA13>=Specifications!$E$23,BA13<=Specifications!$F$23),"PASS","FAIL") -> PASS | BB18: =IF(AND('Data Summary'!C230="PASS",AZ18<>""),'Data - Sample Type 2'!IZ17,"") -> 148.6 | BC18: =IF(BC13>=Specifications!$E$24,"PASS","FAIL") -> PASS | BD18: =IF(AND('Data Summary'!C230="PASS",'Data - Sample Type 2'!JG17<>0),'Data - Sample Type 2'!JG17,"") -> 75.8 | BE18: =IF(AND(BE13>=Specifications!$E$25,BE13<=Specifications!$F$25),"PASS","FAIL") -> PASS | BF18: =IF(AND('Data Summary'!C230="PASS",BD18<>""),'Data - Sample Type 2'!JH17,"") -> 172.7 | BG18: =IF(BG13>=Specifications!$E$26,"PASS","FAIL") -> PASS | BH18: =IF('Data Summary'!C230="PASS",IF('Data - Sample Type 2'!BG17=0,"",'Data - Sample Type 2'!BG17),"") -> 22.7 | BI18: =IF(BI13<=Specifications!$F$27,"PASS","FAIL") -> PASS | BJ18: =IF(AND('Data Summary'!C230="PASS",'Data - Sample Type 2'!JO17<>0),'Data - Sample Type 2'!JO17,"") -> 66.1 | BK18: =IF(AND(BK13>=Specifications!$E$28,BK13<=Specifications!$F$28),"PASS","FAIL") -> PASS | BL18: =IF(AND('Data Summary'!C230="PASS",'Data - Sample Type 2'!HC17<>0),'Data - Sample Type 2'!HC17,"") -> 69.5 | BM18: =IF(AND(BM13>=Specifications!$E$31,BM13<=Specifications!$F$31),"PASS","FAIL") -> PASS | BN18: =IF(AND('Data Summary'!C230="PASS",'Data - Sample Type 2'!LS17<>0),'Data - Sample Type 2'!LS17,"") -> 75.9 | BO18: =IF(AND(BO13>=Specifications!$E$33,BO13<=Specifications!$F$33),"PASS","FAIL") -> PASS | BP18: =IF(AND('Data Summary'!C230="PASS",BN18<>""),'Data - Sample Type 2'!LT17,"") -> 120.8 | BQ18: =IF(BQ13>=Specifications!$E$34,"PASS","FAIL") -> PASS | BR18: =IF(AND('Data Summary'!C230="PASS",'Data - Sample Type 2'!MI17<>0),'Data - Sample Type 2'!MI17,"") -> 65.9 | BS18: =IF(AND(BS13>=Specifications!$E$35,BS13<=Specifications!$F$35),"PASS","FAIL") -> PASS | BT18: =IF(AND('Data Summary'!C230="PASS",BR18<>""),'Data - Sample Type 2'!MJ17,"") -> 103.1 | BU18: =IF(BU13>=Specifications!$E$36,"PASS","FAIL") -> PASS | BV18: =IF('Data Summary'!C230="PASS",IF('Data - Sample Type 2'!DY17=0,"",'Data - Sample Type 2'!DY17),"") -> 23.6 | BW18: =IF(BW13<=Specifications!$F$38,"PASS","FAIL") -> PASS | BX18: =IF('Data Summary'!C230="PASS",IF('Data - Sample Type 2'!EM17=0,"",'Data - Sample Type 2'!EM17),"") -> 24.2 | BY18: =IF(BY13<=Specifications!$F$39,"PASS","FAIL") -> PASS
F19: =IF('Data Summary'!C41="PASS",IF('Data Summary'!A41="","",'Data - Sample Type 0'!Q18),"") -> 27.6 | J19: 3 | K19: =IF(AND('Data Summary'!C146="PASS",'Data - Sample Type 1'!FO18<>0),'Data - Sample Type 1'!FO18,"") -> 76.1 | L19: =AVERAGE(K19:K26) -> 76.1 | M19: =IF('Data Summary'!C146="PASS",IF('Data - Sample Type 1'!AE18=0,"",'Data - Sample Type 1'!AE18),"") -> 24.3 | N19: =AVERAGE(M19:M26) -> 25.725 | O19: =IF(AND('Data Summary'!C146="PASS",'Data - Sample Type 1'!FW18<>0),'Data - Sample Type 1'!FW18,"") -> 73.5 | P19: =AVERAGE(O19:O26) -> 73.5375 | Q19: =IF(AND('Data Summary'!C146="PASS",O19<>""),'Data - Sample Type 1'!FX18,"") -> 75.5 | R19: =AVERAGE(Q19:Q26) -> 89.6875 | S19: =IF(AND('Data Summary'!C146="PASS",'Data - Sample Type 1'!GE18<>0),'Data - Sample Type 1'!GE18,"") -> 71.3 | T19: =AVERAGE(S19:S26) -> 71.3125 | U19: =IF(AND('Data Summary'!C146="PASS",S19<>""),'Data - Sample Type 1'!GF18,"") -> 234 | V19: =AVERAGE(U19:U26) -> 228.275 | W19: =IF('Data Summary'!C146="PASS",IF('Data - Sample Type 1'!BG18=0,"",'Data - Sample Type 1'!BG18),"") -> 22.2 | X19: =AVERAGE(W19:W26) -> 22.0375 | Y19: =IF(AND('Data Summary'!C146="PASS",'Data - Sample Type 1'!GM18<>0),'Data - Sample Type 1'!GM18,"") -> 68.4 | Z19: =AVERAGE(Y19:Y26) -> 68.475 | AA19: =IF('Data Summary'!C146="PASS",IF('Data - Sample Type 1'!BU18=0,"",'Data - Sample Type 1'!BU18),"") -> 27.8 | AB19: =AVERAGE(AA19:AA26) -> 29.8 | AC19: =IF(AND('Data Summary'!C146="PASS",'Data - Sample Type 1'!HC18<>0),'Data - Sample Type 1'!HC18,"") -> 70.4 | AD19: =AVERAGE(AC19:AC26) -> 70.3625 | AE19: =IF(AND('Data Summary'!C146="PASS",AC19<>""),'Data - Sample Type 1'!HD18,"") -> 72.2 | AF19: =AVERAGE(AE19:AE26) -> 77.55 | AG19: =IF(AND('Data Summary'!C146="PASS",'Data - Sample Type 1'!HK18<>0),'Data - Sample Type 1'!HK18,"") -> 71 | AH19: =AVERAGE(AG19:AG26) -> 70.975 | AI19: =IF(AND('Data Summary'!C146="PASS",AG19<>""),'Data - Sample Type 1'!HL18,"") -> 112.5 | AJ19: =AVERAGE(AI19:AI26) -> 121.4625 | AK19: =IF(AND('Data Summary'!C146="PASS",'Data - Sample Type 1'!HS18<>0),'Data - Sample Type 1'!HS18,"") -> 69.2 | AL19: =AVERAGE(AK19:AK26) -> 69.25 | AM19: =IF(AND('Data Summary'!C146="PASS",AK19<>""),'Data - Sample Type 1'!HT18,"") -> 76.7 | AN19: =AVERAGE(AM19:AM26) -> 84.8375 | AO19: =IF('Data Summary'!C146="PASS",IF('Data - Sample Type 1'!DK18=0,"",'Data - Sample Type 1'!DK18),"") -> 22.8 | AP19: =AVERAGE(AO19:AO26) -> 24.2375 | AQ19: =IF('Data Summary'!C146="PASS",IF('Data - Sample Type 1'!DY18=0,"",'Data - Sample Type 1'!DY18),"") -> 20 | AR19: =AVERAGE(AQ19:AQ26) -> 21.275 | AS19: =IF('Data Summary'!C146="PASS",IF('Data - Sample Type 1'!EM18=0,"",'Data - Sample Type 1'!EM18),"") -> 21.8 | AT19: =AVERAGE(AS19:AS26) -> 24.9125 | AX19: =IF(AND('Data Summary'!C231="PASS",'Data - Sample Type 2'!IQ18<>0),'Data - Sample Type 2'!IQ18,"") -> 70.9 | AZ19: =IF(AND('Data Summary'!C231="PASS",'Data - Sample Type 2'!IY18<>0),'Data - Sample Type 2'!IY18,"") -> 68.2 | BB19: =IF(AND('Data Summary'!C231="PASS",AZ19<>""),'Data - Sample Type 2'!IZ18,"") -> 118.2 | BD19: =IF(AND('Data Summary'!C231="PASS",'Data - Sample Type 2'!JG18<>0),'Data - Sample Type 2'!JG18,"") -> 75.8 | BF19: =IF(AND('Data Summary'!C231="PASS",BD19<>""),'Data - Sample Type 2'!JH18,"") -> 154.4 | BH19: =IF('Data Summary'!C231="PASS",IF('Data - Sample Type 2'!BG18=0,"",'Data - Sample Type 2'!BG18),"") -> 23.4 | BJ19: =IF(AND('Data Summary'!C231="PASS",'Data - Sample Type 2'!JO18<>0),'Data - Sample Type 2'!JO18,"") -> 66 | BL19: =IF(AND('Data Summary'!C231="PASS",'Data - Sample Type 2'!HC18<>0),'Data - Sample Type 2'!HC18,"") -> 69.7 | BN19: =IF(AND('Data Summary'!C231="PASS",'Data - Sample Type 2'!LS18<>0),'Data - Sample Type 2'!LS18,"") -> 76 | BP19: =IF(AND('Data Summary'!C231="PASS",BN19<>""),'Data - Sample Type 2'!LT18,"") -> 102.3 | BR19: =IF(AND('Data Summary'!C231="PASS",'Data - Sample Type 2'!MI18<>0),'Data - Sample Type 2'!MI18,"") -> 65.8 | BT19: =IF(AND('Data Summary'!C231="PASS",BR19<>""),'Data - Sample Type 2'!MJ18,"") -> 86.8 | BV19: =IF('Data Summary'!C231="PASS",IF('Data - Sample Type 2'!DY18=0,"",'Data - Sample Type 2'!DY18),"") -> 24.5 | BX19: =IF('Data Summary'!C231="PASS",IF('Data - Sample Type 2'!EM18=0,"",'Data - Sample Type 2'!EM18),"") -> 25.2
F20: =IF('Data Summary'!C42="PASS",IF('Data Summary'!A42="","",'Data - Sample Type 0'!Q19),"") -> 27.1 | K20: =IF(AND('Data Summary'!C147="PASS",'Data - Sample Type 1'!FO19<>0),'Data - Sample Type 1'!FO19,"") -> 76.1 | M20: =IF('Data Summary'!C147="PASS",IF('Data - Sample Type 1'!AE19=0,"",'Data - Sample Type 1'!AE19),"") -> 25.9 | O20: =IF(AND('Data Summary'!C147="PASS",'Data - Sample Type 1'!FW19<>0),'Data - Sample Type 1'!FW19,"") -> 73.6 | Q20: =IF(AND('Data Summary'!C147="PASS",O20<>""),'Data - Sample Type 1'!FX19,"") -> 98.8 | S20: =IF(AND('Data Summary'!C147="PASS",'Data - Sample Type 1'!GE19<>0),'Data - Sample Type 1'!GE19,"") -> 71.3 | U20: =IF(AND('Data Summary'!C147="PASS",S20<>""),'Data - Sample Type 1'!GF19,"") -> 224.1 | W20: =IF('Data Summary'!C147="PASS",IF('Data - Sample Type 1'!BG19=0,"",'Data - Sample Type 1'!BG19),"") -> 23.3 | Y20: =IF(AND('Data Summary'!C147="PASS",'Data - Sample Type 1'!GM19<>0),'Data - Sample Type 1'!GM19,"") -> 68.5 | AA20: =IF('Data Summary'!C147="PASS",IF('Data - Sample Type 1'!BU19=0,"",'Data - Sample Type 1'!BU19),"") -> 30 | AC20: =IF(AND('Data Summary'!C147="PASS",'Data - Sample Type 1'!HC19<>0),'Data - Sample Type 1'!HC19,"") -> 70.3 | AE20: =IF(AND('Data Summary'!C147="PASS",AC20<>""),'Data - Sample Type 1'!HD19,"") -> 82.5 | AG20: =IF(AND('Data Summary'!C147="PASS",'Data - Sample Type 1'!HK19<>0),'Data - Sample Type 1'!HK19,"") -> 71 | AI20: =IF(AND('Data Summary'!C147="PASS",AG20<>""),'Data - Sample Type 1'!HL19,"") -> 122.7 | AK20: =IF(AND('Data Summary'!C147="PASS",'Data - Sample Type 1'!HS19<>0),'Data - Sample Type 1'!HS19,"") -> 69.3 | AM20: =IF(AND('Data Summary'!C147="PASS",AK20<>""),'Data - Sample Type 1'!HT19,"") -> 83.1 | AO20: =IF('Data Summary'!C147="PASS",IF('Data - Sample Type 1'!DK19=0,"",'Data - Sample Type 1'!DK19),"") -> 25 | AQ20: =IF('Data Summary'!C147="PASS",IF('Data - Sample Type 1'!DY19=0,"",'Data - Sample Type 1'!DY19),"") -> 22.2 | AS20: =IF('Data Summary'!C147="PASS",IF('Data - Sample Type 1'!EM19=0,"",'Data - Sample Type 1'!EM19),"") -> 26.1 | AX20: =IF(AND('Data Summary'!C232="PASS",'Data - Sample Type 2'!IQ19<>0),'Data - Sample Type 2'!IQ19,"") -> 70.7 | AZ20: =IF(AND('Data Summary'!C232="PASS",'Data - Sample Type 2'!IY19<>0),'Data - Sample Type 2'!IY19,"") -> 68.1 | BB20: =IF(AND('Data Summary'!C232="PASS",AZ20<>""),'Data - Sample Type 2'!IZ19,"") -> 108.3 | BD20: =IF(AND('Data Summary'!C232="PASS",'Data - Sample Type 2'!JG19<>0),'Data - Sample Type 2'!JG19,"") -> 75.7 | BF20: =IF(AND('Data Summary'!C232="PASS",BD20<>""),'Data - Sample Type 2'!JH19,"") -> 159.2 | BH20: =IF('Data Summary'!C232="PASS",IF('Data - Sample Type 2'!BG19=0,"",'Data - Sample Type 2'!BG19),"") -> 23 | BJ20: =IF(AND('Data Summary'!C232="PASS",'Data - Sample Type 2'!JO19<>0),'Data - Sample Type 2'!JO19,"") -> 65.8 | BL20: =IF(AND('Data Summary'!C232="PASS",'Data - Sample Type 2'!HC19<>0),'Data - Sample Type 2'!HC19,"") -> 69.5 | BN20: =IF(AND('Data Summary'!C232="PASS",'Data - Sample Type 2'!LS19<>0),'Data - Sample Type 2'!LS19,"") -> 75.8 | BP20: =IF(AND('Data Summary'!C232="PASS",BN20<>""),'Data - Sample Type 2'!LT19,"") -> 110.2 | BR20: =IF(AND('Data Summary'!C232="PASS",'Data - Sample Type 2'!MI19<>0),'Data - Sample Type 2'!MI19,"") -> 65.6 | BT20: =IF(AND('Data Summary'!C232="PASS",BR20<>""),'Data - Sample Type 2'!MJ19,"") -> 87.8 | BV20: =IF('Data Summary'!C232="PASS",IF('Data - Sample Type 2'!DY19=0,"",'Data - Sample Type 2'!DY19),"") -> 22.6 | BX20: =IF('Data Summary'!C232="PASS",IF('Data - Sample Type 2'!EM19=0,"",'Data - Sample Type 2'!EM19),"") -> 22.6
F21: =IF('Data Summary'!C43="PASS",IF('Data Summary'!A43="","",'Data - Sample Type 0'!Q20),"") -> 26.2 | K21: =IF(AND('Data Summary'!C148="PASS",'Data - Sample Type 1'!FO20<>0),'Data - Sample Type 1'!FO20,"") -> 76.1 | M21: =IF('Data Summary'!C148="PASS",IF('Data - Sample Type 1'!AE20=0,"",'Data - Sample Type 1'!AE20),"") -> 26.8 | O21: =IF(AND('Data Summary'!C148="PASS",'Data - Sample Type 1'!FW20<>0),'Data - Sample Type 1'!FW20,"") -> 73.5 | Q21: =IF(AND('Data Summary'!C148="PASS",O21<>""),'Data - Sample Type 1'!FX20,"") -> 74.8 | S21: =IF(AND('Data Summary'!C148="PASS",'Data - Sample Type 1'!GE20<>0),'Data - Sample Type 1'!GE20,"") -> 71.3 | U21: =IF(AND('Data Summary'!C148="PASS",S21<>""),'Data - Sample Type 1'!GF20,"") -> 237.8 | W21: =IF('Data Summary'!C148="PASS",IF('Data - Sample Type 1'!BG20=0,"",'Data - Sample Type 1'!BG20),"") -> 24.4 | Y21: =IF(AND('Data Summary'!C148="PASS",'Data - Sample Type 1'!GM20<>0),'Data - Sample Type 1'!GM20,"") -> 68.5 | AA21: =IF('Data Summary'!C148="PASS",IF('Data - Sample Type 1'!BU20=0,"",'Data - Sample Type 1'!BU20),"") -> 31.4 | AC21: =IF(AND('Data Summary'!C148="PASS",'Data - Sample Type 1'!HC20<>0),'Data - Sample Type 1'!HC20,"") -> 70.3 | AE21: =IF(AND('Data Summary'!C148="PASS",AC21<>""),'Data - Sample Type 1'!HD20,"") -> 61.4 | AG21: =IF(AND('Data Summary'!C148="PASS",'Data - Sample Type 1'!HK20<>0),'Data - Sample Type 1'!HK20,"") -> 71 | AI21: =IF(AND('Data Summary'!C148="PASS",AG21<>""),'Data - Sample Type 1'!HL20,"") -> 101.9 | AK21: =IF(AND('Data Summary'!C148="PASS",'Data - Sample Type 1'!HS20<>0),'Data - Sample Type 1'!HS20,"") -> 69.2 | AM21: =IF(AND('Data Summary'!C148="PASS",AK21<>""),'Data - Sample Type 1'!HT20,"") -> 77.8 | AO21: =IF('Data Summary'!C148="PASS",IF('Data - Sample Type 1'!DK20=0,"",'Data - Sample Type 1'!DK20),"") -> 25.3 | AQ21: =IF('Data Summary'!C148="PASS",IF('Data - Sample Type 1'!DY20=0,"",'Data - Sample Type 1'!DY20),"") -> 22 | AS21: =IF('Data Summary'!C148="PASS",IF('Data - Sample Type 1'!EM20=0,"",'Data - Sample Type 1'!EM20),"") -> 25.9 | AX21: =IF(AND('Data Summary'!C233="PASS",'Data - Sample Type 2'!IQ20<>0),'Data - Sample Type 2'!IQ20,"") -> 70.8 | AZ21: =IF(AND('Data Summary'!C233="PASS",'Data - Sample Type 2'!IY20<>0),'Data - Sample Type 2'!IY20,"") -> 68.1 | BB21: =IF(AND('Data Summary'!C233="PASS",AZ21<>""),'Data - Sample Type 2'!IZ20,"") -> 127.5 | BD21: =IF(AND('Data Summary'!C233="PASS",'Data - Sample Type 2'!JG20<>0),'Data - Sample Type 2'!JG20,"") -> 75.6 | BF21: =IF(AND('Data Summary'!C233="PASS",BD21<>""),'Data - Sample Type 2'!JH20,"") -> 141 | BH21: =IF('Data Summary'!C233="PASS",IF('Data - Sample Type 2'!BG20=0,"",'Data - Sample Type 2'!BG20),"") -> 16.7 | BJ21: =IF(AND('Data Summary'!C233="PASS",'Data - Sample Type 2'!JO20<>0),'Data - Sample Type 2'!JO20,"") -> 65.9 | BL21: =IF(AND('Data Summary'!C233="PASS",'Data - Sample Type 2'!HC20<>0),'Data - Sample Type 2'!HC20,"") -> 69.9 | BN21: =IF(AND('Data Summary'!C233="PASS",'Data - Sample Type 2'!LS20<>0),'Data - Sample Type 2'!LS20,"") -> 75.8 | BP21: =IF(AND('Data Summary'!C233="PASS",BN21<>""),'Data - Sample Type 2'!LT20,"") -> 100.4 | BR21: =IF(AND('Data Summary'!C233="PASS",'Data - Sample Type 2'!MI20<>0),'Data - Sample Type 2'!MI20,"") -> 65.7 | BT21: =IF(AND('Data Summary'!C233="PASS",BR21<>""),'Data - Sample Type 2'!MJ20,"") -> 90.7 | BV21: =IF('Data Summary'!C233="PASS",IF('Data - Sample Type 2'!DY20=0,"",'Data - Sample Type 2'!DY20),"") -> 24.7 | BX21: =IF('Data Summary'!C233="PASS",IF('Data - Sample Type 2'!EM20=0,"",'Data - Sample Type 2'!EM20),"") -> 25.5
F22: =IF('Data Summary'!C44="PASS",IF('Data Summary'!A44="","",'Data - Sample Type 0'!Q21),"") -> 26.3 | K22: =IF(AND('Data Summary'!C149="PASS",'Data - Sample Type 1'!FO21<>0),'Data - Sample Type 1'!FO21,"") -> 76.2 | M22: =IF('Data Summary'!C149="PASS",IF('Data - Sample Type 1'!AE21=0,"",'Data - Sample Type 1'!AE21),"") -> 27.2 | O22: =IF(AND('Data Summary'!C149="PASS",'Data - Sample Type 1'!FW21<>0),'Data - Sample Type 1'!FW21,"") -> 73.7 | Q22: =IF(AND('Data Summary'!C149="PASS",O22<>""),'Data - Sample Type 1'!FX21,"") -> 103 | S22: =IF(AND('Data Summary'!C149="PASS",'Data - Sample Type 1'!GE21<>0),'Data - Sample Type 1'!GE21,"") -> 71.5 | U22: =IF(AND('Data Summary'!C149="PASS",S22<>""),'Data - Sample Type 1'!GF21,"") -> 216.1 | W22: =IF('Data Summary'!C149="PASS",IF('Data - Sample Type 1'!BG21=0,"",'Data - Sample Type 1'!BG21),"") -> 21.6 | Y22: =IF(AND('Data Summary'!C149="PASS",'Data - Sample Type 1'!GM21<>0),'Data - Sample Type 1'!GM21,"") -> 68.6 | AA22: =IF('Data Summary'!C149="PASS",IF('Data - Sample Type 1'!BU21=0,"",'Data - Sample Type 1'!BU21),"") -> 31.5 | AC22: =IF(AND('Data Summary'!C149="PASS",'Data - Sample Type 1'!HC21<>0),'Data - Sample Type 1'!HC21,"") -> 70.5 | AE22: =IF(AND('Data Summary'!C149="PASS",AC22<>""),'Data - Sample Type 1'!HD21,"") -> 80.6 | AG22: =IF(AND('Data Summary'!C149="PASS",'Data - Sample Type 1'!HK21<>0),'Data - Sample Type 1'!HK21,"") -> 71.1 | AI22: =IF(AND('Data Summary'!C149="PASS",AG22<>""),'Data - Sample Type 1'!HL21,"") -> 119.5 | AK22: =IF(AND('Data Summary'!C149="PASS",'Data - Sample Type 1'!HS21<>0),'Data - Sample Type 1'!HS21,"") -> 69.4 | AM22: =IF(AND('Data Summary'!C149="PASS",AK22<>""),'Data - Sample Type 1'!HT21,"") -> 88.3 | AO22: =IF('Data Summary'!C149="PASS",IF('Data - Sample Type 1'!DK21=0,"",'Data - Sample Type 1'!DK21),"") -> 25.4 | AQ22: =IF('Data Summary'!C149="PASS",IF('Data - Sample Type 1'!DY21=0,"",'Data - Sample Type 1'!DY21),"") -> 22.6 | AS22: =IF('Data Summary'!C149="PASS",IF('Data - Sample Type 1'!EM21=0,"",'Data - Sample Type 1'!EM21),"") -> 27 | AX22: =IF(AND('Data Summary'!C234="PASS",'Data - Sample Type 2'!IQ21<>0),'Data - Sample Type 2'!IQ21,"") -> 70.8 | AZ22: =IF(AND('Data Summary'!C234="PASS",'Data - Sample Type 2'!IY21<>0),'Data - Sample Type 2'!IY21,"") -> 68.1 | BB22: =IF(AND('Data Summary'!C234="PASS",AZ22<>""),'Data - Sample Type 2'!IZ21,"") -> 130.5 | BD22: =IF(AND('Data Summary'!C234="PASS",'Data - Sample Type 2'!JG21<>0),'Data - Sample Type 2'!JG21,"") -> 75.7 | BF22: =IF(AND('Data Summary'!C234="PASS",BD22<>""),'Data - Sample Type 2'!JH21,"") -> 144.6 | BH22: =IF('Data Summary'!C234="PASS",IF('Data - Sample Type 2'!BG21=0,"",'Data - Sample Type 2'!BG21),"") -> 22.6 | BJ22: =IF(AND('Data Summary'!C234="PASS",'Data - Sample Type 2'!JO21<>0),'Data - Sample Type 2'!JO21,"") -> 65.9 | BL22: =IF(AND('Data Summary'!C234="PASS",'Data - Sample Type 2'!HC21<>0),'Data - Sample Type 2'!HC21,"") -> 69.7 | BN22: =IF(AND('Data Summary'!C234="PASS",'Data - Sample Type 2'!LS21<>0),'Data - Sample Type 2'!LS21,"") -> 75.8 | BP22: =IF(AND('Data Summary'!C234="PASS",BN22<>""),'Data - Sample Type 2'!LT21,"") -> 134.3 | BR22: =IF(AND('Data Summary'!C234="PASS",'Data - Sample Type 2'!MI21<>0),'Data - Sample Type 2'!MI21,"") -> 65.8 | BT22: =IF(AND('Data Summary'!C234="PASS",BR22<>""),'Data - Sample Type 2'!MJ21,"") -> 92 | BV22: =IF('Data Summary'!C234="PASS",IF('Data - Sample Type 2'!DY21=0,"",'Data - Sample Type 2'!DY21),"") -> 23.8 | BX22: =IF('Data Summary'!C234="PASS",IF('Data - Sample Type 2'!EM21=0,"",'Data - Sample Type 2'!EM21),"") -> 24.8
E23: 3 | F23: =IF('Data Summary'!C45="PASS",IF('Data Summary'!A45="","",'Data - Sample Type 0'!Q22),"") -> 27.5 | G23: =AVERAGE(F23:F32) -> 27.26 | K23: =IF(AND('Data Summary'!C150="PASS",'Data - Sample Type 1'!FO22<>0),'Data - Sample Type 1'!FO22,"") -> 76.1 | L23: =IF(AND(L19>=Specifications!$C$21,L19<=Specifications!$D$21),"PASS","FAIL") -> PASS | M23: =IF('Data Summary'!C150="PASS",IF('Data - Sample Type 1'!AE22=0,"",'Data - Sample Type 1'!AE22),"") -> 24.9 | N23: =IF(N19<=Specifications!D$22,"PASS","FAIL") -> PASS | O23: =IF(AND('Data Summary'!C150="PASS",'Data - Sample Type 1'!FW22<>0),'Data - Sample Type 1'!FW22,"") -> 73.6 | P23: =IF(AND(P19>=Specifications!$C$23,P19<=Specifications!$D$23),"PASS","FAIL") -> PASS | Q23: =IF(AND('Data Summary'!C150="PASS",O23<>""),'Data - Sample Type 1'!FX22,"") -> 75.8 | R23: FIO | S23: =IF(AND('Data Summary'!C150="PASS",'Data - Sample Type 1'!GE22<>0),'Data - Sample Type 1'!GE22,"") -> 71.3 | T23: =IF(AND(T19>=Specifications!$C$25,T19<=Specifications!$D$25),"PASS","FAIL") -> PASS | U23: =IF(AND('Data Summary'!C150="PASS",S23<>""),'Data - Sample Type 1'!GF22,"") -> 234.2 | V23: FIO | W23: =IF('Data Summary'!C150="PASS",IF('Data - Sample Type 1'!BG22=0,"",'Data - Sample Type 1'!BG22),"") -> 20.9 | X23: =IF(X19<=Specifications!D$27,"PASS","FAIL") -> PASS | Y23: =IF(AND('Data Summary'!C150="PASS",'Data - Sample Type 1'!GM22<>0),'Data - Sample Type 1'!GM22,"") -> 68.4 | Z23: =IF(AND(Z19>=Specifications!$C$28,Z19<=Specifications!$D$28),"PASS","FAIL") -> PASS | AA23: =IF('Data Summary'!C150="PASS",IF('Data - Sample Type 1'!BU22=0,"",'Data - Sample Type 1'!BU22),"") -> 29 | AB23: FIO | AC23: =IF(AND('Data Summary'!C150="PASS",'Data - Sample Type 1'!HC22<>0),'Data - Sample Type 1'!HC22,"") -> 70.4 | AD23: =IF(AND(AD19>=Specifications!$C$31,AD19<=Specifications!$D$31),"PASS","FAIL") -> PASS | AE23: =IF(AND('Data Summary'!C150="PASS",AC23<>""),'Data - Sample Type 1'!HD22,"") -> 76.2 | AF23: FIO | AG23: =IF(AND('Data Summary'!C150="PASS",'Data - Sample Type 1'!HK22<>0),'Data - Sample Type 1'!HK22,"") -> 71 | AH23: =IF(AND(AH19>=Specifications!$C$33,AH19<=Specifications!$D$33),"PASS","FAIL") -> PASS | AI23: =IF(AND('Data Summary'!C150="PASS",AG23<>""),'Data - Sample Type 1'!HL22,"") -> 128.6 | AJ23: FIO | AK23: =IF(AND('Data Summary'!C150="PASS",'Data - Sample Type 1'!HS22<>0),'Data - Sample Type 1'!HS22,"") -> 69.2 | AL23: =IF(AND(AL19>=Specifications!$C$35,AL19<=Specifications!$D$35),"PASS","FAIL") -> PASS | AM23: =IF(AND('Data Summary'!C150="PASS",AK23<>""),'Data - Sample Type 1'!HT22,"") -> 79.3 | AN23: FIO | AO23: =IF('Data Summary'!C150="PASS",IF('Data - Sample Type 1'!DK22=0,"",'Data - Sample Type 1'!DK22),"") -> 23.1 | AP23: =IF(AP19<=Specifications!$D$37,"PASS","FAIL") -> PASS | AQ23: =IF('Data Summary'!C150="PASS",IF('Data - Sample Type 1'!DY22=0,"",'Data - Sample Type 1'!DY22),"") -> 20.3 | AR23: =IF(AR19<=Specifications!$D$38,"PASS","FAIL") -> PASS | AS23: =IF('Data Summary'!C150="PASS",IF('Data - Sample Type 1'!EM22=0,"",'Data - Sample Type 1'!EM22),"") -> 24.2 | AT23: =IF(AT19<=Specifications!$D$39,"PASS","FAIL") -> PASS
F24: =IF('Data Summary'!C46="PASS",IF('Data Summary'!A46="","",'Data - Sample Type 0'!Q23),"") -> 25.5 | K24: =IF(AND('Data Summary'!C151="PASS",'Data - Sample Type 1'!FO23<>0),'Data - Sample Type 1'!FO23,"") -> 76 | M24: =IF('Data Summary'!C151="PASS",IF('Data - Sample Type 1'!AE23=0,"",'Data - Sample Type 1'!AE23),"") -> 25.1 | O24: =IF(AND('Data Summary'!C151="PASS",'Data - Sample Type 1'!FW23<>0),'Data - Sample Type 1'!FW23,"") -> 73.4 | Q24: =IF(AND('Data Summary'!C151="PASS",O24<>""),'Data - Sample Type 1'!FX23,"") -> 90.4 | S24: =IF(AND('Data Summary'!C151="PASS",'Data - Sample Type 1'!GE23<>0),'Data - Sample Type 1'!GE23,"") -> 71.2 | U24: =IF(AND('Data Summary'!C151="PASS",S24<>""),'Data - Sample Type 1'!GF23,"") -> 253 | W24: =IF('Data Summary'!C151="PASS",IF('Data - Sample Type 1'!BG23=0,"",'Data - Sample Type 1'!BG23),"") -> 22.1 | Y24: =IF(AND('Data Summary'!C151="PASS",'Data - Sample Type 1'!GM23<>0),'Data - Sample Type 1'!GM23,"") -> 68.4 | AA24: =IF('Data Summary'!C151="PASS",IF('Data - Sample Type 1'!BU23=0,"",'Data - Sample Type 1'!BU23),"") -> 28.8 | AC24: =IF(AND('Data Summary'!C151="PASS",'Data - Sample Type 1'!HC23<>0),'Data - Sample Type 1'!HC23,"") -> 70.3 | AE24: =IF(AND('Data Summary'!C151="PASS",AC24<>""),'Data - Sample Type 1'!HD23,"") -> 76.9 | AG24: =IF(AND('Data Summary'!C151="PASS",'Data - Sample Type 1'!HK23<>0),'Data - Sample Type 1'!HK23,"") -> 70.9 | AI24: =IF(AND('Data Summary'!C151="PASS",AG24<>""),'Data - Sample Type 1'!HL23,"") -> 118.3 | AK24: =IF(AND('Data Summary'!C151="PASS",'Data - Sample Type 1'!HS23<>0),'Data - Sample Type 1'!HS23,"") -> 69.2 | AM24: =IF(AND('Data Summary'!C151="PASS",AK24<>""),'Data - Sample Type 1'!HT23,"") -> 83.7 | AO24: =IF('Data Summary'!C151="PASS",IF('Data - Sample Type 1'!DK23=0,"",'Data - Sample Type 1'!DK23),"") -> 23.6 | AQ24: =IF('Data Summary'!C151="PASS",IF('Data - Sample Type 1'!DY23=0,"",'Data - Sample Type 1'!DY23),"") -> 20.8 | AS24: =IF('Data Summary'!C151="PASS",IF('Data - Sample Type 1'!EM23=0,"",'Data - Sample Type 1'!EM23),"") -> 24.2
E25: 3 | F25: =IF('Data Summary'!C47="PASS",IF('Data Summary'!A47="","",'Data - Sample Type 0'!Q24),"") -> 25.8 | K25: =IF(AND('Data Summary'!C152="PASS",'Data - Sample Type 1'!FO24<>0),'Data - Sample Type 1'!FO24,"") -> 76.1 | M25: =IF('Data Summary'!C152="PASS",IF('Data - Sample Type 1'!AE24=0,"",'Data - Sample Type 1'!AE24),"") -> 25.1 | O25: =IF(AND('Data Summary'!C152="PASS",'Data - Sample Type 1'!FW24<>0),'Data - Sample Type 1'!FW24,"") -> 73.5 | Q25: =IF(AND('Data Summary'!C152="PASS",O25<>""),'Data - Sample Type 1'!FX24,"") -> 85.8 | S25: =IF(AND('Data Summary'!C152="PASS",'Data - Sample Type 1'!GE24<>0),'Data - Sample Type 1'!GE24,"") -> 71.3 | U25: =IF(AND('Data Summary'!C152="PASS",S25<>""),'Data - Sample Type 1'!GF24,"") -> 228.2 | W25: =IF('Data Summary'!C152="PASS",IF('Data - Sample Type 1'!BG24=0,"",'Data - Sample Type 1'!BG24),"") -> 19 | Y25: =IF(AND('Data Summary'!C152="PASS",'Data - Sample Type 1'!GM24<>0),'Data - Sample Type 1'!GM24,"") -> 68.5 | AA25: =IF('Data Summary'!C152="PASS",IF('Data - Sample Type 1'!BU24=0,"",'Data - Sample Type 1'!BU24),"") -> 29.3 | AC25: =IF(AND('Data Summary'!C152="PASS",'Data - Sample Type 1'!HC24<>0),'Data - Sample Type 1'!HC24,"") -> 70.4 | AE25: =IF(AND('Data Summary'!C152="PASS",AC25<>""),'Data - Sample Type 1'!HD24,"") -> 88.9 | AG25: =IF(AND('Data Summary'!C152="PASS",'Data - Sample Type 1'!HK24<>0),'Data - Sample Type 1'!HK24,"") -> 70.9 | AI25: =IF(AND('Data Summary'!C152="PASS",AG25<>""),'Data - Sample Type 1'!HL24,"") -> 122.2 | AK25: =IF(AND('Data Summary'!C152="PASS",'Data - Sample Type 1'!HS24<>0),'Data - Sample Type 1'!HS24,"") -> 69.2 | AM25: =IF(AND('Data Summary'!C152="PASS",AK25<>""),'Data - Sample Type 1'!HT24,"") -> 92.1 | AO25: =IF('Data Summary'!C152="PASS",IF('Data - Sample Type 1'!DK24=0,"",'Data - Sample Type 1'!DK24),"") -> 23.5 | AQ25: =IF('Data Summary'!C152="PASS",IF('Data - Sample Type 1'!DY24=0,"",'Data - Sample Type 1'!DY24),"") -> 20.7 | AS25: =IF('Data Summary'!C152="PASS",IF('Data - Sample Type 1'!EM24=0,"",'Data - Sample Type 1'!EM24),"") -> 24.2
F26: =IF('Data Summary'!C48="PASS",IF('Data Summary'!A48="","",'Data - Sample Type 0'!Q25),"") -> 28.7 | K26: =IF(AND('Data Summary'!C153="PASS",'Data - Sample Type 1'!FO25<>0),'Data - Sample Type 1'!FO25,"") -> 76.1 | M26: =IF('Data Summary'!C153="PASS",IF('Data - Sample Type 1'!AE25=0,"",'Data - Sample Type 1'!AE25),"") -> 26.5 | O26: =IF(AND('Data Summary'!C153="PASS",'Data - Sample Type 1'!FW25<>0),'Data - Sample Type 1'!FW25,"") -> 73.5 | Q26: =IF(AND('Data Summary'!C153="PASS",O26<>""),'Data - Sample Type 1'!FX25,"") -> 113.4 | S26: =IF(AND('Data Summary'!C153="PASS",'Data - Sample Type 1'!GE25<>0),'Data - Sample Type 1'!GE25,"") -> 71.3 | U26: =IF(AND('Data Summary'!C153="PASS",S26<>""),'Data - Sample Type 1'!GF25,"") -> 198.8 | W26: =IF('Data Summary'!C153="PASS",IF('Data - Sample Type 1'!BG25=0,"",'Data - Sample Type 1'!BG25),"") -> 22.8 | Y26: =IF(AND('Data Summary'!C153="PASS",'Data - Sample Type 1'!GM25<>0),'Data - Sample Type 1'!GM25,"") -> 68.5 | AA26: =IF('Data Summary'!C153="PASS",IF('Data - Sample Type 1'!BU25=0,"",'Data - Sample Type 1'!BU25),"") -> 30.6 | AC26: =IF(AND('Data Summary'!C153="PASS",'Data - Sample Type 1'!HC25<>0),'Data - Sample Type 1'!HC25,"") -> 70.3 | AE26: =IF(AND('Data Summary'!C153="PASS",AC26<>""),'Data - Sample Type 1'!HD25,"") -> 81.7 | AG26: =IF(AND('Data Summary'!C153="PASS",'Data - Sample Type 1'!HK25<>0),'Data - Sample Type 1'!HK25,"") -> 70.9 | AI26: =IF(AND('Data Summary'!C153="PASS",AG26<>""),'Data - Sample Type 1'!HL25,"") -> 146 | AK26: =IF(AND('Data Summary'!C153="PASS",'Data - Sample Type 1'!HS25<>0),'Data - Sample Type 1'!HS25,"") -> 69.3 | AM26: =IF(AND('Data Summary'!C153="PASS",AK26<>""),'Data - Sample Type 1'!HT25,"") -> 97.7 | AO26: =IF('Data Summary'!C153="PASS",IF('Data - Sample Type 1'!DK25=0,"",'Data - Sample Type 1'!DK25),"") -> 25.2 | AQ26: =IF('Data Summary'!C153="PASS",IF('Data - Sample Type 1'!DY25=0,"",'Data - Sample Type 1'!DY25),"") -> 21.6 | AS26: =IF('Data Summary'!C153="PASS",IF('Data - Sample Type 1'!EM25=0,"",'Data - Sample Type 1'!EM25),"") -> 25.9
F27: =IF('Data Summary'!C49="PASS",IF('Data Summary'!A49="","",'Data - Sample Type 0'!Q26),"") -> 27.1 | J27: 4 | K27: =IF(AND('Data Summary'!C154="PASS",'Data - Sample Type 1'!FO26<>0),'Data - Sample Type 1'!FO26,"") -> 76.1 | L27: =AVERAGE(K27:K34) -> 75.9625 | M27: =IF('Data Summary'!C154="PASS",IF('Data - Sample Type 1'!AE26=0,"",'Data - Sample Type 1'!AE26),"") -> 27.4 | N27: =AVERAGE(M27:M34) -> 25.8 | O27: =IF(AND('Data Summary'!C154="PASS",'Data - Sample Type 1'!FW26<>0),'Data - Sample Type 1'!FW26,"") -> 73.4 | P27: =AVERAGE(O27:O34) -> 73.375 | Q27: =IF(AND('Data Summary'!C154="PASS",O27<>""),'Data - Sample Type 1'!FX26,"") -> 79 | R27: =AVERAGE(Q27:Q34) -> 99.0625 | S27: =IF(AND('Data Summary'!C154="PASS",'Data - Sample Type 1'!GE26<>0),'Data - Sample Type 1'!GE26,"") -> 71.3 | T27: =AVERAGE(S27:S34) -> 71.2 | U27: =IF(AND('Data Summary'!C154="PASS",S27<>""),'Data - Sample Type 1'!GF26,"") -> 308.5 | V27: =AVERAGE(U27:U34) -> 259.05 | W27: =IF('Data Summary'!C154="PASS",IF('Data - Sample Type 1'!BG26=0,"",'Data - Sample Type 1'!BG26),"") -> 23.3 | X27: =AVERAGE(W27:W34) -> 22.3 | Y27: =IF(AND('Data Summary'!C154="PASS",'Data - Sample Type 1'!GM26<>0),'Data - Sample Type 1'!GM26,"") -> 68.6 | Z27: =AVERAGE(Y27:Y34) -> 68.4 | AA27: =IF('Data Summary'!C154="PASS",IF('Data - Sample Type 1'!BU26=0,"",'Data - Sample Type 1'!BU26),"") -> 31.2 | AB27: =AVERAGE(AA27:AA34) -> 30.075 | AC27: =IF(AND('Data Summary'!C154="PASS",'Data - Sample Type 1'!HC26<>0),'Data - Sample Type 1'!HC26,"") -> 70.1 | AD27: =AVERAGE(AC27:AC34) -> 70.1875 | AE27: =IF(AND('Data Summary'!C154="PASS",AC27<>""),'Data - Sample Type 1'!HD26,"") -> 73.8 | AF27: =AVERAGE(AE27:AE34) -> 81.925 | AG27: =IF(AND('Data Summary'!C154="PASS",'Data - Sample Type 1'!HK26<>0),'Data - Sample Type 1'!HK26,"") -> 70.9 | AH27: =AVERAGE(AG27:AG34) -> 70.8125 | AI27: =IF(AND('Data Summary'!C154="PASS",AG27<>""),'Data - Sample Type 1'!HL26,"") -> 134.5 | AJ27: =AVERAGE(AI27:AI34) -> 134.35 | AK27: =IF(AND('Data Summary'!C154="PASS",'Data - Sample Type 1'!HS26<>0),'Data - Sample Type 1'!HS26,"") -> 69.4 | AL27: =AVERAGE(AK27:AK34) -> 69.1875 | AM27: =IF(AND('Data Summary'!C154="PASS",AK27<>""),'Data - Sample Type 1'!HT26,"") -> 94.4 | AN27: =AVERAGE(AM27:AM34) -> 96.2875 | AO27: =IF('Data Summary'!C154="PASS",IF('Data - Sample Type 1'!DK26=0,"",'Data - Sample Type 1'!DK26),"") -> 25 | AP27: =AVERAGE(AO27:AO34) -> 24.6625 | AQ27: =IF('Data Summary'!C154="PASS",IF('Data - Sample Type 1'!DY26=0,"",'Data - Sample Type 1'!DY26),"") -> 22.2 | AR27: =AVERAGE(AQ27:AQ34) -> 21.6125 | AS27: =IF('Data Summary'!C154="PASS",IF('Data - Sample Type 1'!EM26=0,"",'Data - Sample Type 1'!EM26),"") -> 26.2 | AT27: =AVERAGE(AS27:AS34) -> 25.775
F28: =IF('Data Summary'!C50="PASS",IF('Data Summary'!A50="","",'Data - Sample Type 0'!Q27),"") -> 26.5 | G28: =IF(G23<=Specifications!$G$20,"PASS","FAIL") -> PASS | K28: =IF(AND('Data Summary'!C155="PASS",'Data - Sample Type 1'!FO27<>0),'Data - Sample Type 1'!FO27,"") -> 75.8 | M28: =IF('Data Summary'!C155="PASS",IF('Data - Sample Type 1'!AE27=0,"",'Data - Sample Type 1'!AE27),"") -> 26.5 | O28: =IF(AND('Data Summary'!C155="PASS",'Data - Sample Type 1'!FW27<>0),'Data - Sample Type 1'!FW27,"") -> 73.3 | Q28: =IF(AND('Data Summary'!C155="PASS",O28<>""),'Data - Sample Type 1'!FX27,"") -> 101.5 | S28: =IF(AND('Data Summary'!C155="PASS",'Data - Sample Type 1'!GE27<>0),'Data - Sample Type 1'!GE27,"") -> 71.1 | U28: =IF(AND('Data Summary'!C155="PASS",S28<>""),'Data - Sample Type 1'!GF27,"") -> 242.3 | W28: =IF('Data Summary'!C155="PASS",IF('Data - Sample Type 1'!BG27=0,"",'Data - Sample Type 1'!BG27),"") -> 22.8 | Y28: =IF(AND('Data Summary'!C155="PASS",'Data - Sample Type 1'!GM27<>0),'Data - Sample Type 1'!GM27,"") -> 68.2 | AA28: =IF('Data Summary'!C155="PASS",IF('Data - Sample Type 1'!BU27=0,"",'Data - Sample Type 1'!BU27),"") -> 30.6 | AC28: =IF(AND('Data Summary'!C155="PASS",'Data - Sample Type 1'!HC27<>0),'Data - Sample Type 1'!HC27,"") -> 70.2 | AE28: =IF(AND('Data Summary'!C155="PASS",AC28<>""),'Data - Sample Type 1'!HD27,"") -> 76.5 | AG28: =IF(AND('Data Summary'!C155="PASS",'Data - Sample Type 1'!HK27<>0),'Data - Sample Type 1'!HK27,"") -> 70.8 | AI28: =IF(AND('Data Summary'!C155="PASS",AG28<>""),'Data - Sample Type 1'!HL27,"") -> 123.4 | AK28: =IF(AND('Data Summary'!C155="PASS",'Data - Sample Type 1'!HS27<>0),'Data - Sample Type 1'!HS27,"") -> 69 | AM28: =IF(AND('Data Summary'!C155="PASS",AK28<>""),'Data - Sample Type 1'!HT27,"") -> 90.5 | AO28: =IF('Data Summary'!C155="PASS",IF('Data - Sample Type 1'!DK27=0,"",'Data - Sample Type 1'!DK27),"") -> 24.9 | AQ28: =IF('Data Summary'!C155="PASS",IF('Data - Sample Type 1'!DY27=0,"",'Data - Sample Type 1'!DY27),"") -> 21.5 | AS28: =IF('Data Summary'!C155="PASS",IF('Data - Sample Type 1'!EM27=0,"",'Data - Sample Type 1'!EM27),"") -> 24.9
F29: =IF('Data Summary'!C51="PASS",IF('Data Summary'!A51="","",'Data - Sample Type 0'!Q28),"") -> 27.9 | K29: =IF(AND('Data Summary'!C156="PASS",'Data - Sample Type 1'!FO28<>0),'Data - Sample Type 1'!FO28,"") -> 75.9 | M29: =IF('Data Summary'!C156="PASS",IF('Data - Sample Type 1'!AE28=0,"",'Data - Sample Type 1'!AE28),"") -> 26 | O29: =IF(AND('Data Summary'!C156="PASS",'Data - Sample Type 1'!FW28<>0),'Data - Sample Type 1'!FW28,"") -> 73.3 | Q29: =IF(AND('Data Summary'!C156="PASS",O29<>""),'Data - Sample Type 1'!FX28,"") -> 89.4 | S29: =IF(AND('Data Summary'!C156="PASS",'Data - Sample Type 1'!GE28<>0),'Data - Sample Type 1'!GE28,"") -> 71.1 | U29: =IF(AND('Data Summary'!C156="PASS",S29<>""),'Data - Sample Type 1'!GF28,"") -> 241.4 | W29: =IF('Data Summary'!C156="PASS",IF('Data - Sample Type 1'!BG28=0,"",'Data - Sample Type 1'!BG28),"") -> 22.4 | Y29: =IF(AND('Data Summary'!C156="PASS",'Data - Sample Type 1'!GM28<>0),'Data - Sample Type 1'!GM28,"") -> 68.2 | AA29: =IF('Data Summary'!C156="PASS",IF('Data - Sample Type 1'!BU28=0,"",'Data - Sample Type 1'!BU28),"") -> 30.6 | AC29: =IF(AND('Data Summary'!C156="PASS",'Data - Sample Type 1'!HC28<>0),'Data - Sample Type 1'!HC28,"") -> 70.1 | AE29: =IF(AND('Data Summary'!C156="PASS",AC29<>""),'Data - Sample Type 1'!HD28,"") -> 73.2 | AG29: =IF(AND('Data Summary'!C156="PASS",'Data - Sample Type 1'!HK28<>0),'Data - Sample Type 1'!HK28,"") -> 70.7 | AI29: =IF(AND('Data Summary'!C156="PASS",AG29<>""),'Data - Sample Type 1'!HL28,"") -> 128.6 | AK29: =IF(AND('Data Summary'!C156="PASS",'Data - Sample Type 1'!HS28<>0),'Data - Sample Type 1'!HS28,"") -> 69.1 | AM29: =IF(AND('Data Summary'!C156="PASS",AK29<>""),'Data - Sample Type 1'!HT28,"") -> 91.9 | AO29: =IF('Data Summary'!C156="PASS",IF('Data - Sample Type 1'!DK28=0,"",'Data - Sample Type 1'!DK28),"") -> 24.3 | AQ29: =IF('Data Summary'!C156="PASS",IF('Data - Sample Type 1'!DY28=0,"",'Data - Sample Type 1'!DY28),"") -> 21.4 | AS29: =IF('Data Summary'!C156="PASS",IF('Data - Sample Type 1'!EM28=0,"",'Data - Sample Type 1'!EM28),"") -> 25.9
F30: =IF('Data Summary'!C52="PASS",IF('Data Summary'!A52="","",'Data - Sample Type 0'!Q29),"") -> 27.1 | K30: =IF(AND('Data Summary'!C157="PASS",'Data - Sample Type 1'!FO29<>0),'Data - Sample Type 1'!FO29,"") -> 75.9 | M30: =IF('Data Summary'!C157="PASS",IF('Data - Sample Type 1'!AE29=0,"",'Data - Sample Type 1'!AE29),"") -> 23.6 | O30: =IF(AND('Data Summary'!C157="PASS",'Data - Sample Type 1'!FW29<>0),'Data - Sample Type 1'!FW29,"") -> 73.4 | Q30: =IF(AND('Data Summary'!C157="PASS",O30<>""),'Data - Sample Type 1'!FX29,"") -> 97.2 | S30: =IF(AND('Data Summary'!C157="PASS",'Data - Sample Type 1'!GE29<>0),'Data - Sample Type 1'!GE29,"") -> 71.2 | U30: =IF(AND('Data Summary'!C157="PASS",S30<>""),'Data - Sample Type 1'!GF29,"") -> 248.6 | W30: =IF('Data Summary'!C157="PASS",IF('Data - Sample Type 1'!BG29=0,"",'Data - Sample Type 1'!BG29),"") -> 20.2 | Y30: =IF(AND('Data Summary'!C157="PASS",'Data - Sample Type 1'!GM29<>0),'Data - Sample Type 1'!GM29,"") -> 68.3 | AA30: =IF('Data Summary'!C157="PASS",IF('Data - Sample Type 1'!BU29=0,"",'Data - Sample Type 1'!BU29),"") -> 28.3 | AC30: =IF(AND('Data Summary'!C157="PASS",'Data - Sample Type 1'!HC29<>0),'Data - Sample Type 1'!HC29,"") -> 70.3 | AE30: =IF(AND('Data Summary'!C157="PASS",AC30<>""),'Data - Sample Type 1'!HD29,"") -> 94.1 | AG30: =IF(AND('Data Summary'!C157="PASS",'Data - Sample Type 1'!HK29<>0),'Data - Sample Type 1'!HK29,"") -> 70.8 | AI30: =IF(AND('Data Summary'!C157="PASS",AG30<>""),'Data - Sample Type 1'!HL29,"") -> 127.1 | AK30: =IF(AND('Data Summary'!C157="PASS",'Data - Sample Type 1'!HS29<>0),'Data - Sample Type 1'!HS29,"") -> 69.1 | AM30: =IF(AND('Data Summary'!C157="PASS",AK30<>""),'Data - Sample Type 1'!HT29,"") -> 88.3 | AO30: =IF('Data Summary'!C157="PASS",IF('Data - Sample Type 1'!DK29=0,"",'Data - Sample Type 1'!DK29),"") -> 24 | AQ30: =IF('Data Summary'!C157="PASS",IF('Data - Sample Type 1'!DY29=0,"",'Data - Sample Type 1'!DY29),"") -> 20.8 | AS30: =IF('Data Summary'!C157="PASS",IF('Data - Sample Type 1'!EM29=0,"",'Data - Sample Type 1'!EM29),"") -> 24.7
F31: =IF('Data Summary'!C53="PASS",IF('Data Summary'!A53="","",'Data - Sample Type 0'!Q30),"") -> 29 | K31: =IF(AND('Data Summary'!C158="PASS",'Data - Sample Type 1'!FO30<>0),'Data - Sample Type 1'!FO30,"") -> 76 | L31: =IF(AND(L27>=Specifications!$C$21,L27<=Specifications!$D$21),"PASS","FAIL") -> PASS | M31: =IF('Data Summary'!C158="PASS",IF('Data - Sample Type 1'!AE30=0,"",'Data - Sample Type 1'!AE30),"") -> 25.8 | N31: =IF(N27<=Specifications!D$22,"PASS","FAIL") -> PASS | O31: =IF(AND('Data Summary'!C158="PASS",'Data - Sample Type 1'!FW30<>0),'Data - Sample Type 1'!FW30,"") -> 73.4 | P31: =IF(AND(P27>=Specifications!$C$23,P27<=Specifications!$D$23),"PASS","FAIL") -> PASS | Q31: =IF(AND('Data Summary'!C158="PASS",O31<>""),'Data - Sample Type 1'!FX30,"") -> 111.8 | R31: FIO | S31: =IF(AND('Data Summary'!C158="PASS",'Data - Sample Type 1'!GE30<>0),'Data - Sample Type 1'!GE30,"") -> 71.2 | T31: =IF(AND(T27>=Specifications!$C$25,T27<=Specifications!$D$25),"PASS","FAIL") -> PASS | U31: =IF(AND('Data Summary'!C158="PASS",S31<>""),'Data - Sample Type 1'!GF30,"") -> 270.9 | V31: FIO | W31: =IF('Data Summary'!C158="PASS",IF('Data - Sample Type 1'!BG30=0,"",'Data - Sample Type 1'!BG30),"") -> 23.1 | X31: =IF(X27<=Specifications!D$27,"PASS","FAIL") -> PASS | Y31: =IF(AND('Data Summary'!C158="PASS",'Data - Sample Type 1'!GM30<>0),'Data - Sample Type 1'!GM30,"") -> 68.5 | Z31: =IF(AND(Z27>=Specifications!$C$28,Z27<=Specifications!$D$28),"PASS","FAIL") -> PASS | AA31: =IF('Data Summary'!C158="PASS",IF('Data - Sample Type 1'!BU30=0,"",'Data - Sample Type 1'!BU30),"") -> 30.3 | AB31: FIO | AC31: =IF(AND('Data Summary'!C158="PASS",'Data - Sample Type 1'!HC30<>0),'Data - Sample Type 1'!HC30,"") -> 70.2 | AD31: =IF(AND(AD27>=Specifications!$C$31,AD27<=Specifications!$D$31),"PASS","FAIL") -> PASS | AE31: =IF(AND('Data Summary'!C158="PASS",AC31<>""),'Data - Sample Type 1'!HD30,"") -> 93.1 | AF31: FIO | AG31: =IF(AND('Data Summary'!C158="PASS",'Data - Sample Type 1'!HK30<>0),'Data - Sample Type 1'!HK30,"") -> 70.8 | AH31: =IF(AND(AH27>=Specifications!$C$33,AH27<=Specifications!$D$33),"PASS","FAIL") -> PASS | AI31: =IF(AND('Data Summary'!C158="PASS",AG31<>""),'Data - Sample Type 1'!HL30,"") -> 138.7 | AJ31: FIO | AK31: =IF(AND('Data Summary'!C158="PASS",'Data - Sample Type 1'!HS30<>0),'Data - Sample Type 1'!HS30,"") -> 69.2 | AL31: =IF(AND(AL27>=Specifications!$C$35,AL27<=Specifications!$D$35),"PASS","FAIL") -> PASS | AM31: =IF(AND('Data Summary'!C158="PASS",AK31<>""),'Data - Sample Type 1'!HT30,"") -> 87 | AN31: FIO | AO31: =IF('Data Summary'!C158="PASS",IF('Data - Sample Type 1'!DK30=0,"",'Data - Sample Type 1'!DK30),"") -> 25 | AP31: =IF(AP27<=Specifications!$D$37,"PASS","FAIL") -> PASS | AQ31: =IF('Data Summary'!C158="PASS",IF('Data - Sample Type 1'!DY30=0,"",'Data - Sample Type 1'!DY30),"") -> 21.9 | AR31: =IF(AR27<=Specifications!$D$38,"PASS","FAIL") -> PASS | AS31: =IF('Data Summary'!C158="PASS",IF('Data - Sample Type 1'!EM30=0,"",'Data - Sample Type 1'!EM30),"") -> 25.5 | AT31: =IF(AT27<=Specifications!$D$39,"PASS","FAIL") -> PASS
F32: =IF('Data Summary'!C54="PASS",IF('Data Summary'!A54="","",'Data - Sample Type 0'!Q31),"") -> 27.5 | K32: =IF(AND('Data Summary'!C159="PASS",'Data - Sample Type 1'!FO31<>0),'Data - Sample Type 1'!FO31,"") -> 75.9 | M32: =IF('Data Summary'!C159="PASS",IF('Data - Sample Type 1'!AE31=0,"",'Data - Sample Type 1'!AE31),"") -> 25.1 | O32: =IF(AND('Data Summary'!C159="PASS",'Data - Sample Type 1'!FW31<>0),'Data - Sample Type 1'!FW31,"") -> 73.3 | Q32: =IF(AND('Data Summary'!C159="PASS",O32<>""),'Data - Sample Type 1'!FX31,"") -> 104.8 | S32: =IF(AND('Data Summary'!C159="PASS",'Data - Sample Type 1'!GE31<>0),'Data - Sample Type 1'!GE31,"") -> 71.2 | U32: =IF(AND('Data Summary'!C159="PASS",S32<>""),'Data - Sample Type 1'!GF31,"") -> 263.7 | W32: =IF('Data Summary'!C159="PASS",IF('Data - Sample Type 1'!BG31=0,"",'Data - Sample Type 1'!BG31),"") -> 21.6 | Y32: =IF(AND('Data Summary'!C159="PASS",'Data - Sample Type 1'!GM31<>0),'Data - Sample Type 1'!GM31,"") -> 68.4 | AA32: =IF('Data Summary'!C159="PASS",IF('Data - Sample Type 1'!BU31=0,"",'Data - Sample Type 1'!BU31),"") -> 28.8 | AC32: =IF(AND('Data Summary'!C159="PASS",'Data - Sample Type 1'!HC31<>0),'Data - Sample Type 1'!HC31,"") -> 70.1 | AE32: =IF(AND('Data Summary'!C159="PASS",AC32<>""),'Data - Sample Type 1'!HD31,"") -> 86.7 | AG32: =IF(AND('Data Summary'!C159="PASS",'Data - Sample Type 1'!HK31<>0),'Data - Sample Type 1'!HK31,"") -> 70.8 | AI32: =IF(AND('Data Summary'!C159="PASS",AG32<>""),'Data - Sample Type 1'!HL31,"") -> 160.3 | AK32: =IF(AND('Data Summary'!C159="PASS",'Data - Sample Type 1'!HS31<>0),'Data - Sample Type 1'!HS31,"") -> 69.2 | AM32: =IF(AND('Data Summary'!C159="PASS",AK32<>""),'Data - Sample Type 1'!HT31,"") -> 133 | AO32: =IF('Data Summary'!C159="PASS",IF('Data - Sample Type 1'!DK31=0,"",'Data - Sample Type 1'!DK31),"") -> 24.5 | AQ32: =IF('Data Summary'!C159="PASS",IF('Data - Sample Type 1'!DY31=0,"",'Data - Sample Type 1'!DY31),"") -> 21.7 | AS32: =IF('Data Summary'!C159="PASS",IF('Data - Sample Type 1'!EM31=0,"",'Data - Sample Type 1'!EM31),"") -> 25.9
E33: 4 | F33: =IF('Data Summary'!C55="PASS",IF('Data Summary'!A55="","",'Data - Sample Type 0'!Q32),"") -> 26.6 | G33: =AVERAGE(F33:F42) -> 26.97 | K33: =IF(AND('Data Summary'!C160="PASS",'Data - Sample Type 1'!FO32<>0),'Data - Sample Type 1'!FO32,"") -> 76.1 | M33: =IF('Data Summary'!C160="PASS",IF('Data - Sample Type 1'!AE32=0,"",'Data - Sample Type 1'!AE32),"") -> 25.4 | O33: =IF(AND('Data Summary'!C160="PASS",'Data - Sample Type 1'!FW32<>0),'Data - Sample Type 1'!FW32,"") -> 73.5 | Q33: =IF(AND('Data Summary'!C160="PASS",O33<>""),'Data - Sample Type 1'!FX32,"") -> 103.1 | S33: =IF(AND('Data Summary'!C160="PASS",'Data - Sample Type 1'!GE32<>0),'Data - Sample Type 1'!GE32,"") -> 71.3 | U33: =IF(AND('Data Summary'!C160="PASS",S33<>""),'Data - Sample Type 1'!GF32,"") -> 250.7 | W33: =IF('Data Summary'!C160="PASS",IF('Data - Sample Type 1'!BG32=0,"",'Data - Sample Type 1'!BG32),"") -> 21.9 | Y33: =IF(AND('Data Summary'!C160="PASS",'Data - Sample Type 1'!GM32<>0),'Data - Sample Type 1'!GM32,"") -> 68.6 | AA33: =IF('Data Summary'!C160="PASS",IF('Data - Sample Type 1'!BU32=0,"",'Data - Sample Type 1'!BU32),"") -> 29.7 | AC33: =IF(AND('Data Summary'!C160="PASS",'Data - Sample Type 1'!HC32<>0),'Data - Sample Type 1'!HC32,"") -> 70.3 | AE33: =IF(AND('Data Summary'!C160="PASS",AC33<>""),'Data - Sample Type 1'!HD32,"") -> 82 | AG33: =IF(AND('Data Summary'!C160="PASS",'Data - Sample Type 1'!HK32<>0),'Data - Sample Type 1'!HK32,"") -> 70.9 | AI33: =IF(AND('Data Summary'!C160="PASS",AG33<>""),'Data - Sample Type 1'!HL32,"") -> 128.8 | AK33: =IF(AND('Data Summary'!C160="PASS",'Data - Sample Type 1'!HS32<>0),'Data - Sample Type 1'!HS32,"") -> 69.3 | AM33: =IF(AND('Data Summary'!C160="PASS",AK33<>""),'Data - Sample Type 1'!HT32,"") -> 94 | AO33: =IF('Data Summary'!C160="PASS",IF('Data - Sample Type 1'!DK32=0,"",'Data - Sample Type 1'!DK32),"") -> 24.3 | AQ33: =IF('Data Summary'!C160="PASS",IF('Data - Sample Type 1'!DY32=0,"",'Data - Sample Type 1'!DY32),"") -> 21.5 | AS33: =IF('Data Summary'!C160="PASS",IF('Data - Sample Type 1'!EM32=0,"",'Data - Sample Type 1'!EM32),"") -> 26.2
F34: =IF('Data Summary'!C56="PASS",IF('Data Summary'!A56="","",'Data - Sample Type 0'!Q33),"") -> 29.7 | K34: =IF(AND('Data Summary'!C161="PASS",'Data - Sample Type 1'!FO33<>0),'Data - Sample Type 1'!FO33,"") -> 76 | M34: =IF('Data Summary'!C161="PASS",IF('Data - Sample Type 1'!AE33=0,"",'Data - Sample Type 1'!AE33),"") -> 26.6 | O34: =IF(AND('Data Summary'!C161="PASS",'Data - Sample Type 1'!FW33<>0),'Data - Sample Type 1'!FW33,"") -> 73.4 | Q34: =IF(AND('Data Summary'!C161="PASS",O34<>""),'Data - Sample Type 1'!FX33,"") -> 105.7 | S34: =IF(AND('Data Summary'!C161="PASS",'Data - Sample Type 1'!GE33<>0),'Data - Sample Type 1'!GE33,"") -> 71.2 | U34: =IF(AND('Data Summary'!C161="PASS",S34<>""),'Data - Sample Type 1'!GF33,"") -> 246.3 | W34: =IF('Data Summary'!C161="PASS",IF('Data - Sample Type 1'!BG33=0,"",'Data - Sample Type 1'!BG33),"") -> 23.1 | Y34: =IF(AND('Data Summary'!C161="PASS",'Data - Sample Type 1'!GM33<>0),'Data - Sample Type 1'!GM33,"") -> 68.4 | AA34: =IF('Data Summary'!C161="PASS",IF('Data - Sample Type 1'!BU33=0,"",'Data - Sample Type 1'!BU33),"") -> 31.1 | AC34: =IF(AND('Data Summary'!C161="PASS",'Data - Sample Type 1'!HC33<>0),'Data - Sample Type 1'!HC33,"") -> 70.2 | AE34: =IF(AND('Data Summary'!C161="PASS",AC34<>""),'Data - Sample Type 1'!HD33,"") -> 76 | AG34: =IF(AND('Data Summary'!C161="PASS",'Data - Sample Type 1'!HK33<>0),'Data - Sample Type 1'!HK33,"") -> 70.8 | AI34: =IF(AND('Data Summary'!C161="PASS",AG34<>""),'Data - Sample Type 1'!HL33,"") -> 133.4 | AK34: =IF(AND('Data Summary'!C161="PASS",'Data - Sample Type 1'!HS33<>0),'Data - Sample Type 1'!HS33,"") -> 69.2 | AM34: =IF(AND('Data Summary'!C161="PASS",AK34<>""),'Data - Sample Type 1'!HT33,"") -> 91.2 | AO34: =IF('Data Summary'!C161="PASS",IF('Data - Sample Type 1'!DK33=0,"",'Data - Sample Type 1'!DK33),"") -> 25.3 | AQ34: =IF('Data Summary'!C161="PASS",IF('Data - Sample Type 1'!DY33=0,"",'Data - Sample Type 1'!DY33),"") -> 21.9 | AS34: =IF('Data Summary'!C161="PASS",IF('Data - Sample Type 1'!EM33=0,"",'Data - Sample Type 1'!EM33),"") -> 26.9
F35: =IF('Data Summary'!C57="PASS",IF('Data Summary'!A57="","",'Data - Sample Type 0'!Q34),"") -> 27.5 | J35: 5 | K35: =IF(AND('Data Summary'!C162="PASS",'Data - Sample Type 1'!FO34<>0),'Data - Sample Type 1'!FO34,"") -> 75.9 | L35: =AVERAGE(K35:K42) -> 75.9125 | M35: =IF('Data Summary'!C162="PASS",IF('Data - Sample Type 1'!AE34=0,"",'Data - Sample Type 1'!AE34),"") -> 27.2 | N35: =AVERAGE(M35:M42) -> 25.0125 | O35: =IF(AND('Data Summary'!C162="PASS",'Data - Sample Type 1'!FW34<>0),'Data - Sample Type 1'!FW34,"") -> 73.3 | P35: =AVERAGE(O35:O42) -> 73.3375 | Q35: =IF(AND('Data Summary'!C162="PASS",O35<>""),'Data - Sample Type 1'!FX34,"") -> 83 | R35: =AVERAGE(Q35:Q42) -> 95.5625 | S35: =IF(AND('Data Summary'!C162="PASS",'Data - Sample Type 1'!GE34<>0),'Data - Sample Type 1'!GE34,"") -> 71.2 | T35: =AVERAGE(S35:S42) -> 71.15 | U35: =IF(AND('Data Summary'!C162="PASS",S35<>""),'Data - Sample Type 1'!GF34,"") -> 264.2 | V35: =AVERAGE(U35:U42) -> 259.5875 | W35: =IF('Data Summary'!C162="PASS",IF('Data - Sample Type 1'!BG34=0,"",'Data - Sample Type 1'!BG34),"") -> 24.5 | X35: =AVERAGE(W35:W42) -> 21.5125 | Y35: =IF(AND('Data Summary'!C162="PASS",'Data - Sample Type 1'!GM34<>0),'Data - Sample Type 1'!GM34,"") -> 68.3 | Z35: =AVERAGE(Y35:Y42) -> 68.3375 | AA35: =IF('Data Summary'!C162="PASS",IF('Data - Sample Type 1'!BU34=0,"",'Data - Sample Type 1'!BU34),"") -> 31.8 | AB35: =AVERAGE(AA35:AA42) -> 29.4 | AC35: =IF(AND('Data Summary'!C162="PASS",'Data - Sample Type 1'!HC34<>0),'Data - Sample Type 1'!HC34,"") -> 70.2 | AD35: =AVERAGE(AC35:AC42) -> 70.1375 | AE35: =IF(AND('Data Summary'!C162="PASS",AC35<>""),'Data - Sample Type 1'!HD34,"") -> 64.3 | AF35: =AVERAGE(AE35:AE42) -> 82.625 | AG35: =IF(AND('Data Summary'!C162="PASS",'Data - Sample Type 1'!HK34<>0),'Data - Sample Type 1'!HK34,"") -> 70.8 | AH35: =AVERAGE(AG35:AG42) -> 70.75 | AI35: =IF(AND('Data Summary'!C162="PASS",AG35<>""),'Data - Sample Type 1'!HL34,"") -> 122.4 | AJ35: =AVERAGE(AI35:AI42) -> 138.15 | AK35: =IF(AND('Data Summary'!C162="PASS",'Data - Sample Type 1'!HS34<>0),'Data - Sample Type 1'!HS34,"") -> 69 | AL35: =AVERAGE(AK35:AK42) -> 69.1 | AM35: =IF(AND('Data Summary'!C162="PASS",AK35<>""),'Data - Sample Type 1'!HT34,"") -> 81 | AN35: =AVERAGE(AM35:AM42) -> 92.0375 | AO35: =IF('Data Summary'!C162="PASS",IF('Data - Sample Type 1'!DK34=0,"",'Data - Sample Type 1'!DK34),"") -> 25.5 | AP35: =AVERAGE(AO35:AO42) -> 24.3125 | AQ35: =IF('Data Summary'!C162="PASS",IF('Data - Sample Type 1'!DY34=0,"",'Data - Sample Type 1'!DY34),"") -> 22.6 | AR35: =AVERAGE(AQ35:AQ42) -> 21.2125 | AS35: =IF('Data Summary'!C162="PASS",IF('Data - Sample Type 1'!EM34=0,"",'Data - Sample Type 1'!EM34),"") -> 27.9 | AT35: =AVERAGE(AS35:AS42) -> 25.675
F36: =IF('Data Summary'!C58="PASS",IF('Data Summary'!A58="","",'Data - Sample Type 0'!Q35),"") -> 27.4 | K36: =IF(AND('Data Summary'!C163="PASS",'Data - Sample Type 1'!FO35<>0),'Data - Sample Type 1'!FO35,"") -> 75.9 | M36: =IF('Data Summary'!C163="PASS",IF('Data - Sample Type 1'!AE35=0,"",'Data - Sample Type 1'!AE35),"") -> 27.4 | O36: =IF(AND('Data Summary'!C163="PASS",'Data - Sample Type 1'!FW35<>0),'Data - Sample Type 1'!FW35,"") -> 73.4 | Q36: =IF(AND('Data Summary'!C163="PASS",O36<>""),'Data - Sample Type 1'!FX35,"") -> 114.2 | S36: =IF(AND('Data Summary'!C163="PASS",'Data - Sample Type 1'!GE35<>0),'Data - Sample Type 1'!GE35,"") -> 71.2 | U36: =IF(AND('Data Summary'!C163="PASS",S36<>""),'Data - Sample Type 1'!GF35,"") -> 251.5 | W36: =IF('Data Summary'!C163="PASS",IF('Data - Sample Type 1'!BG35=0,"",'Data - Sample Type 1'!BG35),"") -> 19.8 | Y36: =IF(AND('Data Summary'!C163="PASS",'Data - Sample Type 1'!GM35<>0),'Data - Sample Type 1'!GM35,"") -> 68.4 | AA36: =IF('Data Summary'!C163="PASS",IF('Data - Sample Type 1'!BU35=0,"",'Data - Sample Type 1'!BU35),"") -> 32 | AC36: =IF(AND('Data Summary'!C163="PASS",'Data - Sample Type 1'!HC35<>0),'Data - Sample Type 1'!HC35,"") -> 70.2 | AE36: =IF(AND('Data Summary'!C163="PASS",AC36<>""),'Data - Sample Type 1'!HD35,"") -> 78.1 | AG36: =IF(AND('Data Summary'!C163="PASS",'Data - Sample Type 1'!HK35<>0),'Data - Sample Type 1'!HK35,"") -> 70.8 | AI36: =IF(AND('Data Summary'!C163="PASS",AG36<>""),'Data - Sample Type 1'!HL35,"") -> 146.9 | AK36: =IF(AND('Data Summary'!C163="PASS",'Data - Sample Type 1'!HS35<>0),'Data - Sample Type 1'!HS35,"") -> 69.2 | AM36: =IF(AND('Data Summary'!C163="PASS",AK36<>""),'Data - Sample Type 1'!HT35,"") -> 105.6 | AO36: =IF('Data Summary'!C163="PASS",IF('Data - Sample Type 1'!DK35=0,"",'Data - Sample Type 1'!DK35),"") -> 25 | AQ36: =IF('Data Summary'!C163="PASS",IF('Data - Sample Type 1'!DY35=0,"",'Data - Sample Type 1'!DY35),"") -> 22.4 | AS36: =IF('Data Summary'!C163="PASS",IF('Data - Sample Type 1'!EM35=0,"",'Data - Sample Type 1'!EM35),"") -> 26.2
E37: 4 | F37: =IF('Data Summary'!C59="PASS",IF('Data Summary'!A59="","",'Data - Sample Type 0'!Q36),"") -> 25 | K37: =IF(AND('Data Summary'!C164="PASS",'Data - Sample Type 1'!FO36<>0),'Data - Sample Type 1'!FO36,"") -> 75.9 | M37: =IF('Data Summary'!C164="PASS",IF('Data - Sample Type 1'!AE36=0,"",'Data - Sample Type 1'!AE36),"") -> 24.4 | O37: =IF(AND('Data Summary'!C164="PASS",'Data - Sample Type 1'!FW36<>0),'Data - Sample Type 1'!FW36,"") -> 73.3 | Q37: =IF(AND('Data Summary'!C164="PASS",O37<>""),'Data - Sample Type 1'!FX36,"") -> 112.1 | S37: =IF(AND('Data Summary'!C164="PASS",'Data - Sample Type 1'!GE36<>0),'Data - Sample Type 1'!GE36,"") -> 71.1 | U37: =IF(AND('Data Summary'!C164="PASS",S37<>""),'Data - Sample Type 1'!GF36,"") -> 288.4 | W37: =IF('Data Summary'!C164="PASS",IF('Data - Sample Type 1'!BG36=0,"",'Data - Sample Type 1'!BG36),"") -> 21.8 | Y37: =IF(AND('Data Summary'!C164="PASS",'Data - Sample Type 1'!GM36<>0),'Data - Sample Type 1'!GM36,"") -> 68.3 | AA37: =IF('Data Summary'!C164="PASS",IF('Data - Sample Type 1'!BU36=0,"",'Data - Sample Type 1'!BU36),"") -> 28.1 | AC37: =IF(AND('Data Summary'!C164="PASS",'Data - Sample Type 1'!HC36<>0),'Data - Sample Type 1'!HC36,"") -> 70.1 | AE37: =IF(AND('Data Summary'!C164="PASS",AC37<>""),'Data - Sample Type 1'!HD36,"") -> 85.3 | AG37: =IF(AND('Data Summary'!C164="PASS",'Data - Sample Type 1'!HK36<>0),'Data - Sample Type 1'!HK36,"") -> 70.7 | AI37: =IF(AND('Data Summary'!C164="PASS",AG37<>""),'Data - Sample Type 1'!HL36,"") -> 138.7 | AK37: =IF(AND('Data Summary'!C164="PASS",'Data - Sample Type 1'!HS36<>0),'Data - Sample Type 1'!HS36,"") -> 69.1 | AM37: =IF(AND('Data Summary'!C164="PASS",AK37<>""),'Data - Sample Type 1'!HT36,"") -> 92.9 | AO37: =IF('Data Summary'!C164="PASS",IF('Data - Sample Type 1'!DK36=0,"",'Data - Sample Type 1'!DK36),"") -> 23.2 | AQ37: =IF('Data Summary'!C164="PASS",IF('Data - Sample Type 1'!DY36=0,"",'Data - Sample Type 1'!DY36),"") -> 19.8 | AS37: =IF('Data Summary'!C164="PASS",IF('Data - Sample Type 1'!EM36=0,"",'Data - Sample Type 1'!EM36),"") -> 23.6
F38: =IF('Data Summary'!C60="PASS",IF('Data Summary'!A60="","",'Data - Sample Type 0'!Q37),"") -> 26.2 | G38: =IF(G33<=Specifications!$G$20,"PASS","FAIL") -> PASS | K38: =IF(AND('Data Summary'!C165="PASS",'Data - Sample Type 1'!FO37<>0),'Data - Sample Type 1'!FO37,"") -> 75.8 | M38: =IF('Data Summary'!C165="PASS",IF('Data - Sample Type 1'!AE37=0,"",'Data - Sample Type 1'!AE37),"") -> 22.8 | O38: =IF(AND('Data Summary'!C165="PASS",'Data - Sample Type 1'!FW37<>0),'Data - Sample Type 1'!FW37,"") -> 73.3 | Q38: =IF(AND('Data Summary'!C165="PASS",O38<>""),'Data - Sample Type 1'!FX37,"") -> 84.2 | S38: =IF(AND('Data Summary'!C165="PASS",'Data - Sample Type 1'!GE37<>0),'Data - Sample Type 1'!GE37,"") -> 71.1 | U38: =IF(AND('Data Summary'!C165="PASS",S38<>""),'Data - Sample Type 1'!GF37,"") -> 264.3 | W38: =IF('Data Summary'!C165="PASS",IF('Data - Sample Type 1'!BG37=0,"",'Data - Sample Type 1'!BG37),"") -> 20.3 | Y38: =IF(AND('Data Summary'!C165="PASS",'Data - Sample Type 1'!GM37<>0),'Data - Sample Type 1'!GM37,"") -> 68.2 | AA38: =IF('Data Summary'!C165="PASS",IF('Data - Sample Type 1'!BU37=0,"",'Data - Sample Type 1'!BU37),"") -> 27.4 | AC38: =IF(AND('Data Summary'!C165="PASS",'Data - Sample Type 1'!HC37<>0),'Data - Sample Type 1'!HC37,"") -> 70.1 | AE38: =IF(AND('Data Summary'!C165="PASS",AC38<>""),'Data - Sample Type 1'!HD37,"") -> 87.7 | AG38: =IF(AND('Data Summary'!C165="PASS",'Data - Sample Type 1'!HK37<>0),'Data - Sample Type 1'!HK37,"") -> 70.7 | AI38: =IF(AND('Data Summary'!C165="PASS",AG38<>""),'Data - Sample Type 1'!HL37,"") -> 137.9 | AK38: =IF(AND('Data Summary'!C165="PASS",'Data - Sample Type 1'!HS37<>0),'Data - Sample Type 1'!HS37,"") -> 69 | AM38: =IF(AND('Data Summary'!C165="PASS",AK38<>""),'Data - Sample Type 1'!HT37,"") -> 91 | AO38: =IF('Data Summary'!C165="PASS",IF('Data - Sample Type 1'!DK37=0,"",'Data - Sample Type 1'!DK37),"") -> 23.8 | AQ38: =IF('Data Summary'!C165="PASS",IF('Data - Sample Type 1'!DY37=0,"",'Data - Sample Type 1'!DY37),"") -> 20.1 | AS38: =IF('Data Summary'!C165="PASS",IF('Data - Sample Type 1'!EM37=0,"",'Data - Sample Type 1'!EM37),"") -> 25.6
F39: =IF('Data Summary'!C61="PASS",IF('Data Summary'!A61="","",'Data - Sample Type 0'!Q38),"") -> 27 | K39: =IF(AND('Data Summary'!C166="PASS",'Data - Sample Type 1'!FO38<>0),'Data - Sample Type 1'!FO38,"") -> 75.9 | L39: =IF(AND(L35>=Specifications!$C$21,L35<=Specifications!$D$21),"PASS","FAIL") -> PASS | M39: =IF('Data Summary'!C166="PASS",IF('Data - Sample Type 1'!AE38=0,"",'Data - Sample Type 1'!AE38),"") -> 25.6 | N39: =IF(N35<=Specifications!D$22,"PASS","FAIL") -> PASS | O39: =IF(AND('Data Summary'!C166="PASS",'Data - Sample Type 1'!FW38<>0),'Data - Sample Type 1'!FW38,"") -> 73.3 | P39: =IF(AND(P35>=Specifications!$C$23,P35<=Specifications!$D$23),"PASS","FAIL") -> PASS | Q39: =IF(AND('Data Summary'!C166="PASS",O39<>""),'Data - Sample Type 1'!FX38,"") -> 84.4 | R39: FIO | S39: =IF(AND('Data Summary'!C166="PASS",'Data - Sample Type 1'!GE38<>0),'Data - Sample Type 1'!GE38,"") -> 71.1 | T39: =IF(AND(T35>=Specifications!$C$25,T35<=Specifications!$D$25),"PASS","FAIL") -> PASS | U39: =IF(AND('Data Summary'!C166="PASS",S39<>""),'Data - Sample Type 1'!GF38,"") -> 238.7 | V39: FIO | W39: =IF('Data Summary'!C166="PASS",IF('Data - Sample Type 1'!BG38=0,"",'Data - Sample Type 1'!BG38),"") -> 20.9 | X39: =IF(X35<=Specifications!D$27,"PASS","FAIL") -> PASS | Y39: =IF(AND('Data Summary'!C166="PASS",'Data - Sample Type 1'!GM38<>0),'Data - Sample Type 1'!GM38,"") -> 68.3 | Z39: =IF(AND(Z35>=Specifications!$C$28,Z35<=Specifications!$D$28),"PASS","FAIL") -> PASS | AA39: =IF('Data Summary'!C166="PASS",IF('Data - Sample Type 1'!BU38=0,"",'Data - Sample Type 1'!BU38),"") -> 29.3 | AB39: FIO | AC39: =IF(AND('Data Summary'!C166="PASS",'Data - Sample Type 1'!HC38<>0),'Data - Sample Type 1'!HC38,"") -> 70.1 | AD39: =IF(AND(AD35>=Specifications!$C$31,AD35<=Specifications!$D$31),"PASS","FAIL") -> PASS | AE39: =IF(AND('Data Summary'!C166="PASS",AC39<>""),'Data - Sample Type 1'!HD38,"") -> 81.5 | AF39: FIO | AG39: =IF(AND('Data Summary'!C166="PASS",'Data - Sample Type 1'!HK38<>0),'Data - Sample Type 1'!HK38,"") -> 70.7 | AH39: =IF(AND(AH35>=Specifications!$C$33,AH35<=Specifications!$D$33),"PASS","FAIL") -> PASS | AI39: =IF(AND('Data Summary'!C166="PASS",AG39<>""),'Data - Sample Type 1'!HL38,"") -> 134.7 | AJ39: FIO | AK39: =IF(AND('Data Summary'!C166="PASS",'Data - Sample Type 1'!HS38<>0),'Data - Sample Type 1'!HS38,"") -> 69.1 | AL39: =IF(AND(AL35>=Specifications!$C$35,AL35<=Specifications!$D$35),"PASS","FAIL") -> PASS | AM39: =IF(AND('Data Summary'!C166="PASS",AK39<>""),'Data - Sample Type 1'!HT38,"") -> 89.1 | AN39: FIO | AO39: =IF('Data Summary'!C166="PASS",IF('Data - Sample Type 1'!DK38=0,"",'Data - Sample Type 1'!DK38),"") -> 24.3 | AP39: =IF(AP35<=Specifications!$D$37,"PASS","FAIL") -> PASS | AQ39: =IF('Data Summary'!C166="PASS",IF('Data - Sample Type 1'!DY38=0,"",'Data - Sample Type 1'!DY38),"") -> 21.9 | AR39: =IF(AR35<=Specifications!$D$38,"PASS","FAIL") -> PASS | AS39: =IF('Data Summary'!C166="PASS",IF('Data - Sample Type 1'!EM38=0,"",'Data - Sample Type 1'!EM38),"") -> 26.1 | AT39: =IF(AT35<=Specifications!$D$39,"PASS","FAIL") -> PASS
F40: =IF('Data Summary'!C62="PASS",IF('Data Summary'!A62="","",'Data - Sample Type 0'!Q39),"") -> 26.7 | K40: =IF(AND('Data Summary'!C167="PASS",'Data - Sample Type 1'!FO39<>0),'Data - Sample Type 1'!FO39,"") -> 76 | M40: =IF('Data Summary'!C167="PASS",IF('Data - Sample Type 1'!AE39=0,"",'Data - Sample Type 1'!AE39),"") -> 23.5 | O40: =IF(AND('Data Summary'!C167="PASS",'Data - Sample Type 1'!FW39<>0),'Data - Sample Type 1'!FW39,"") -> 73.4 | Q40: =IF(AND('Data Summary'!C167="PASS",O40<>""),'Data - Sample Type 1'!FX39,"") -> 104.2 | S40: =IF(AND('Data Summary'!C167="PASS",'Data - Sample Type 1'!GE39<>0),'Data - Sample Type 1'!GE39,"") -> 71.2 | U40: =IF(AND('Data Summary'!C167="PASS",S40<>""),'Data - Sample Type 1'!GF39,"") -> 272.5 | W40: =IF('Data Summary'!C167="PASS",IF('Data - Sample Type 1'!BG39=0,"",'Data - Sample Type 1'!BG39),"") -> 22 | Y40: =IF(AND('Data Summary'!C167="PASS",'Data - Sample Type 1'!GM39<>0),'Data - Sample Type 1'!GM39,"") -> 68.5 | AA40: =IF('Data Summary'!C167="PASS",IF('Data - Sample Type 1'!BU39=0,"",'Data - Sample Type 1'!BU39),"") -> 27.9 | AC40: =IF(AND('Data Summary'!C167="PASS",'Data - Sample Type 1'!HC39<>0),'Data - Sample Type 1'!HC39,"") -> 70.1 | AE40: =IF(AND('Data Summary'!C167="PASS",AC40<>""),'Data - Sample Type 1'!HD39,"") -> 90.9 | AG40: =IF(AND('Data Summary'!C167="PASS",'Data - Sample Type 1'!HK39<>0),'Data - Sample Type 1'!HK39,"") -> 70.8 | AI40: =IF(AND('Data Summary'!C167="PASS",AG40<>""),'Data - Sample Type 1'!HL39,"") -> 141 | AK40: =IF(AND('Data Summary'!C167="PASS",'Data - Sample Type 1'!HS39<>0),'Data - Sample Type 1'!HS39,"") -> 69.2 | AM40: =IF(AND('Data Summary'!C167="PASS",AK40<>""),'Data - Sample Type 1'!HT39,"") -> 89 | AO40: =IF('Data Summary'!C167="PASS",IF('Data - Sample Type 1'!DK39=0,"",'Data - Sample Type 1'!DK39),"") -> 23.8 | AQ40: =IF('Data Summary'!C167="PASS",IF('Data - Sample Type 1'!DY39=0,"",'Data - Sample Type 1'!DY39),"") -> 20.6 | AS40: =IF('Data Summary'!C167="PASS",IF('Data - Sample Type 1'!EM39=0,"",'Data - Sample Type 1'!EM39),"") -> 24.3
F41: =IF('Data Summary'!C63="PASS",IF('Data Summary'!A63="","",'Data - Sample Type 0'!Q40),"") -> 27.6 | K41: =IF(AND('Data Summary'!C168="PASS",'Data - Sample Type 1'!FO40<>0),'Data - Sample Type 1'!FO40,"") -> 76 | M41: =IF('Data Summary'!C168="PASS",IF('Data - Sample Type 1'!AE40=0,"",'Data - Sample Type 1'!AE40),"") -> 23.1 | O41: =IF(AND('Data Summary'!C168="PASS",'Data - Sample Type 1'!FW40<>0),'Data - Sample Type 1'!FW40,"") -> 73.4 | Q41: =IF(AND('Data Summary'!C168="PASS",O41<>""),'Data - Sample Type 1'!FX40,"") -> 89.8 | S41: =IF(AND('Data Summary'!C168="PASS",'Data - Sample Type 1'!GE40<>0),'Data - Sample Type 1'!GE40,"") -> 71.2 | U41: =IF(AND('Data Summary'!C168="PASS",S41<>""),'Data - Sample Type 1'!GF40,"") -> 249.2 | W41: =IF('Data Summary'!C168="PASS",IF('Data - Sample Type 1'!BG40=0,"",'Data - Sample Type 1'!BG40),"") -> 21.4 | Y41: =IF(AND('Data Summary'!C168="PASS",'Data - Sample Type 1'!GM40<>0),'Data - Sample Type 1'!GM40,"") -> 68.3 | AA41: =IF('Data Summary'!C168="PASS",IF('Data - Sample Type 1'!BU40=0,"",'Data - Sample Type 1'!BU40),"") -> 28.4 | AC41: =IF(AND('Data Summary'!C168="PASS",'Data - Sample Type 1'!HC40<>0),'Data - Sample Type 1'!HC40,"") -> 70.2 | AE41: =IF(AND('Data Summary'!C168="PASS",AC41<>""),'Data - Sample Type 1'!HD40,"") -> 85.8 | AG41: =IF(AND('Data Summary'!C168="PASS",'Data - Sample Type 1'!HK40<>0),'Data - Sample Type 1'!HK40,"") -> 70.8 | AI41: =IF(AND('Data Summary'!C168="PASS",AG41<>""),'Data - Sample Type 1'!HL40,"") -> 149 | AK41: =IF(AND('Data Summary'!C168="PASS",'Data - Sample Type 1'!HS40<>0),'Data - Sample Type 1'!HS40,"") -> 69.1 | AM41: =IF(AND('Data Summary'!C168="PASS",AK41<>""),'Data - Sample Type 1'!HT40,"") -> 88 | AO41: =IF('Data Summary'!C168="PASS",IF('Data - Sample Type 1'!DK40=0,"",'Data - Sample Type 1'!DK40),"") -> 24.4 | AQ41: =IF('Data Summary'!C168="PASS",IF('Data - Sample Type 1'!DY40=0,"",'Data - Sample Type 1'!DY40),"") -> 20.8 | AS41: =IF('Data Summary'!C168="PASS",IF('Data - Sample Type 1'!EM40=0,"",'Data - Sample Type 1'!EM40),"") -> 26
F42: =IF('Data Summary'!C64="PASS",IF('Data Summary'!A64="","",'Data - Sample Type 0'!Q41),"") -> 26 | K42: =IF(AND('Data Summary'!C169="PASS",'Data - Sample Type 1'!FO41<>0),'Data - Sample Type 1'!FO41,"") -> 75.9 | M42: =IF('Data Summary'!C169="PASS",IF('Data - Sample Type 1'!AE41=0,"",'Data - Sample Type 1'!AE41),"") -> 26.1 | O42: =IF(AND('Data Summary'!C169="PASS",'Data - Sample Type 1'!FW41<>0),'Data - Sample Type 1'!FW41,"") -> 73.3 | Q42: =IF(AND('Data Summary'!C169="PASS",O42<>""),'Data - Sample Type 1'!FX41,"") -> 92.6 | S42: =IF(AND('Data Summary'!C169="PASS",'Data - Sample Type 1'!GE41<>0),'Data - Sample Type 1'!GE41,"") -> 71.1 | U42: =IF(AND('Data Summary'!C169="PASS",S42<>""),'Data - Sample Type 1'!GF41,"") -> 247.9 | W42: =IF('Data Summary'!C169="PASS",IF('Data - Sample Type 1'!BG41=0,"",'Data - Sample Type 1'!BG41),"") -> 21.4 | Y42: =IF(AND('Data Summary'!C169="PASS",'Data - Sample Type 1'!GM41<>0),'Data - Sample Type 1'!GM41,"") -> 68.4 | AA42: =IF('Data Summary'!C169="PASS",IF('Data - Sample Type 1'!BU41=0,"",'Data - Sample Type 1'!BU41),"") -> 30.3 | AC42: =IF(AND('Data Summary'!C169="PASS",'Data - Sample Type 1'!HC41<>0),'Data - Sample Type 1'!HC41,"") -> 70.1 | AE42: =IF(AND('Data Summary'!C169="PASS",AC42<>""),'Data - Sample Type 1'!HD41,"") -> 87.4 | AG42: =IF(AND('Data Summary'!C169="PASS",'Data - Sample Type 1'!HK41<>0),'Data - Sample Type 1'!HK41,"") -> 70.7 | AI42: =IF(AND('Data Summary'!C169="PASS",AG42<>""),'Data - Sample Type 1'!HL41,"") -> 134.6 | AK42: =IF(AND('Data Summary'!C169="PASS",'Data - Sample Type 1'!HS41<>0),'Data - Sample Type 1'!HS41,"") -> 69.1 | AM42: =IF(AND('Data Summary'!C169="PASS",AK42<>""),'Data - Sample Type 1'!HT41,"") -> 99.7 | AO42: =IF('Data Summary'!C169="PASS",IF('Data - Sample Type 1'!DK41=0,"",'Data - Sample Type 1'!DK41),"") -> 24.5 | AQ42: =IF('Data Summary'!C169="PASS",IF('Data - Sample Type 1'!DY41=0,"",'Data - Sample Type 1'!DY41),"") -> 21.5 | AS42: =IF('Data Summary'!C169="PASS",IF('Data - Sample Type 1'!EM41=0,"",'Data - Sample Type 1'!EM41),"") -> 25.7
E43: 5 | F43: =IF('Data Summary'!C65="PASS",IF('Data Summary'!A65="","",'Data - Sample Type 0'!Q42),"") -> 27 | G43: =AVERAGE(F43:F52) -> 27.56 | J43: 6 | K43: =IF(AND('Data Summary'!C170="PASS",'Data - Sample Type 1'!FO42<>0),'Data - Sample Type 1'!FO42,"") -> 76 | L43: =AVERAGE(K43:K50) -> 75.8875 | M43: =IF('Data Summary'!C170="PASS",IF('Data - Sample Type 1'!AE42=0,"",'Data - Sample Type 1'!AE42),"") -> 25.4 | N43: =AVERAGE(M43:M50) -> 25.25 | O43: =IF(AND('Data Summary'!C170="PASS",'Data - Sample Type 1'!FW42<>0),'Data - Sample Type 1'!FW42,"") -> 73.4 | P43: =AVERAGE(O43:O50) -> 73.3375 | Q43: =IF(AND('Data Summary'!C170="PASS",O43<>""),'Data - Sample Type 1'!FX42,"") -> 76.7 | R43: =AVERAGE(Q43:Q50) -> 97.225 | S43: =IF(AND('Data Summary'!C170="PASS",'Data - Sample Type 1'!GE42<>0),'Data - Sample Type 1'!GE42,"") -> 71.2 | T43: =AVERAGE(S43:S50) -> 71.125 | U43: =IF(AND('Data Summary'!C170="PASS",S43<>""),'Data - Sample Type 1'!GF42,"") -> 293.1 | V43: =AVERAGE(U43:U50) -> 251.525 | W43: =IF('Data Summary'!C170="PASS",IF('Data - Sample Type 1'!BG42=0,"",'Data - Sample Type 1'!BG42),"") -> 22.4 | X43: =AVERAGE(W43:W50) -> 22.0125 | Y43: =IF(AND('Data Summary'!C170="PASS",'Data - Sample Type 1'!GM42<>0),'Data - Sample Type 1'!GM42,"") -> 68.4 | Z43: =AVERAGE(Y43:Y50) -> 68.2875 | AA43: =IF('Data Summary'!C170="PASS",IF('Data - Sample Type 1'!BU42=0,"",'Data - Sample Type 1'!BU42),"") -> 30.5 | AB43: =AVERAGE(AA43:AA50) -> 29.6 | AC43: =IF(AND('Data Summary'!C170="PASS",'Data - Sample Type 1'!HC42<>0),'Data - Sample Type 1'!HC42,"") -> 70.2 | AD43: =AVERAGE(AC43:AC50) -> 70.1625 | AE43: =IF(AND('Data Summary'!C170="PASS",AC43<>""),'Data - Sample Type 1'!HD42,"") -> 81.8 | AF43: =AVERAGE(AE43:AE50) -> 81.7125 | AG43: =IF(AND('Data Summary'!C170="PASS",'Data - Sample Type 1'!HK42<>0),'Data - Sample Type 1'!HK42,"") -> 70.9 | AH43: =AVERAGE(AG43:AG50) -> 70.75 | AI43: =IF(AND('Data Summary'!C170="PASS",AG43<>""),'Data - Sample Type 1'!HL42,"") -> 130.8 | AJ43: =AVERAGE(AI43:AI50) -> 133.6625 | AK43: =IF(AND('Data Summary'!C170="PASS",'Data - Sample Type 1'!HS42<>0),'Data - Sample Type 1'!HS42,"") -> 69.2 | AL43: =AVERAGE(AK43:AK50) -> 69.075 | AM43: =IF(AND('Data Summary'!C170="PASS",AK43<>""),'Data - Sample Type 1'!HT42,"") -> 85.8 | AN43: =AVERAGE(AM43:AM50) -> 94.3375 | AO43: =IF('Data Summary'!C170="PASS",IF('Data - Sample Type 1'!DK42=0,"",'Data - Sample Type 1'!DK42),"") -> 24.2 | AP43: =AVERAGE(AO43:AO50) -> 24.3125 | AQ43: =IF('Data Summary'!C170="PASS",IF('Data - Sample Type 1'!DY42=0,"",'Data - Sample Type 1'!DY42),"") -> 21.6 | AR43: =AVERAGE(AQ43:AQ50) -> 21.2375 | AS43: =IF('Data Summary'!C170="PASS",IF('Data - Sample Type 1'!EM42=0,"",'Data - Sample Type 1'!EM42),"") -> 26 | AT43: =AVERAGE(AS43:AS50) -> 26.0375
F44: =IF('Data Summary'!C66="PASS",IF('Data Summary'!A66="","",'Data - Sample Type 0'!Q43),"") -> 29.2 | K44: =IF(AND('Data Summary'!C171="PASS",'Data - Sample Type 1'!FO43<>0),'Data - Sample Type 1'!FO43,"") -> 75.9 | M44: =IF('Data Summary'!C171="PASS",IF('Data - Sample Type 1'!AE43=0,"",'Data - Sample Type 1'!AE43),"") -> 24.9 | O44: =IF(AND('Data Summary'!C171="PASS",'Data - Sample Type 1'!FW43<>0),'Data - Sample Type 1'!FW43,"") -> 73.3 | Q44: =IF(AND('Data Summary'!C171="PASS",O44<>""),'Data - Sample Type 1'!FX43,"") -> 99.2 | S44: =IF(AND('Data Summary'!C171="PASS",'Data - Sample Type 1'!GE43<>0),'Data - Sample Type 1'!GE43,"") -> 71.1 | U44: =IF(AND('Data Summary'!C171="PASS",S44<>""),'Data - Sample Type 1'!GF43,"") -> 245.8 | W44: =IF('Data Summary'!C171="PASS",IF('Data - Sample Type 1'!BG43=0,"",'Data - Sample Type 1'!BG43),"") -> 21.7 | Y44: =IF(AND('Data Summary'!C171="PASS",'Data - Sample Type 1'!GM43<>0),'Data - Sample Type 1'!GM43,"") -> 68.3 | AA44: =IF('Data Summary'!C171="PASS",IF('Data - Sample Type 1'!BU43=0,"",'Data - Sample Type 1'!BU43),"") -> 30 | AC44: =IF(AND('Data Summary'!C171="PASS",'Data - Sample Type 1'!HC43<>0),'Data - Sample Type 1'!HC43,"") -> 70.2 | AE44: =IF(AND('Data Summary'!C171="PASS",AC44<>""),'Data - Sample Type 1'!HD43,"") -> 83.3 | AG44: =IF(AND('Data Summary'!C171="PASS",'Data - Sample Type 1'!HK43<>0),'Data - Sample Type 1'!HK43,"") -> 70.7 | AI44: =IF(AND('Data Summary'!C171="PASS",AG44<>""),'Data - Sample Type 1'!HL43,"") -> 130.7 | AK44: =IF(AND('Data Summary'!C171="PASS",'Data - Sample Type 1'!HS43<>0),'Data - Sample Type 1'!HS43,"") -> 69.1 | AM44: =IF(AND('Data Summary'!C171="PASS",AK44<>""),'Data - Sample Type 1'!HT43,"") -> 91 | AO44: =IF('Data Summary'!C171="PASS",IF('Data - Sample Type 1'!DK43=0,"",'Data - Sample Type 1'!DK43),"") -> 24.2 | AQ44: =IF('Data Summary'!C171="PASS",IF('Data - Sample Type 1'!DY43=0,"",'Data - Sample Type 1'!DY43),"") -> 20.4 | AS44: =IF('Data Summary'!C171="PASS",IF('Data - Sample Type 1'!EM43=0,"",'Data - Sample Type 1'!EM43),"") -> 24.1
F45: =IF('Data Summary'!C67="PASS",IF('Data Summary'!A67="","",'Data - Sample Type 0'!Q44),"") -> 26.9 | K45: =IF(AND('Data Summary'!C172="PASS",'Data - Sample Type 1'!FO44<>0),'Data - Sample Type 1'!FO44,"") -> 75.7 | M45: =IF('Data Summary'!C172="PASS",IF('Data - Sample Type 1'!AE44=0,"",'Data - Sample Type 1'!AE44),"") -> 24.5 | O45: =IF(AND('Data Summary'!C172="PASS",'Data - Sample Type 1'!FW44<>0),'Data - Sample Type 1'!FW44,"") -> 73.2 | Q45: =IF(AND('Data Summary'!C172="PASS",O45<>""),'Data - Sample Type 1'!FX44,"") -> 81.3 | S45: =IF(AND('Data Summary'!C172="PASS",'Data - Sample Type 1'!GE44<>0),'Data - Sample Type 1'!GE44,"") -> 71 | U45: =IF(AND('Data Summary'!C172="PASS",S45<>""),'Data - Sample Type 1'!GF44,"") -> 210.1 | W45: =IF('Data Summary'!C172="PASS",IF('Data - Sample Type 1'!BG44=0,"",'Data - Sample Type 1'!BG44),"") -> 22.2 | Y45: =IF(AND('Data Summary'!C172="PASS",'Data - Sample Type 1'!GM44<>0),'Data - Sample Type 1'!GM44,"") -> 68 | AA45: =IF('Data Summary'!C172="PASS",IF('Data - Sample Type 1'!BU44=0,"",'Data - Sample Type 1'!BU44),"") -> 30 | AC45: =IF(AND('Data Summary'!C172="PASS",'Data - Sample Type 1'!HC44<>0),'Data - Sample Type 1'!HC44,"") -> 70.1 | AE45: =IF(AND('Data Summary'!C172="PASS",AC45<>""),'Data - Sample Type 1'!HD44,"") -> 68.9 | AG45: =IF(AND('Data Summary'!C172="PASS",'Data - Sample Type 1'!HK44<>0),'Data - Sample Type 1'!HK44,"") -> 70.7 | AI45: =IF(AND('Data Summary'!C172="PASS",AG45<>""),'Data - Sample Type 1'!HL44,"") -> 124.8 | AK45: =IF(AND('Data Summary'!C172="PASS",'Data - Sample Type 1'!HS44<>0),'Data - Sample Type 1'!HS44,"") -> 68.8 | AM45: =IF(AND('Data Summary'!C172="PASS",AK45<>""),'Data - Sample Type 1'!HT44,"") -> 88.2 | AO45: =IF('Data Summary'!C172="PASS",IF('Data - Sample Type 1'!DK44=0,"",'Data - Sample Type 1'!DK44),"") -> 24.3 | AQ45: =IF('Data Summary'!C172="PASS",IF('Data - Sample Type 1'!DY44=0,"",'Data - Sample Type 1'!DY44),"") -> 20.7 | AS45: =IF('Data Summary'!C172="PASS",IF('Data - Sample Type 1'!EM44=0,"",'Data - Sample Type 1'!EM44),"") -> 26.9
F46: =IF('Data Summary'!C68="PASS",IF('Data Summary'!A68="","",'Data - Sample Type 0'!Q45),"") -> 26.1 | K46: =IF(AND('Data Summary'!C173="PASS",'Data - Sample Type 1'!FO45<>0),'Data - Sample Type 1'!FO45,"") -> 75.9 | M46: =IF('Data Summary'!C173="PASS",IF('Data - Sample Type 1'!AE45=0,"",'Data - Sample Type 1'!AE45),"") -> 23.8 | O46: =IF(AND('Data Summary'!C173="PASS",'Data - Sample Type 1'!FW45<>0),'Data - Sample Type 1'!FW45,"") -> 73.4 | Q46: =IF(AND('Data Summary'!C173="PASS",O46<>""),'Data - Sample Type 1'!FX45,"") -> 105.5 | S46: =IF(AND('Data Summary'!C173="PASS",'Data - Sample Type 1'!GE45<>0),'Data - Sample Type 1'!GE45,"") -> 71.1 | U46: =IF(AND('Data Summary'!C173="PASS",S46<>""),'Data - Sample Type 1'!GF45,"") -> 274.8 | W46: =IF('Data Summary'!C173="PASS",IF('Data - Sample Type 1'!BG45=0,"",'Data - Sample Type 1'!BG45),"") -> 20.7 | Y46: =IF(AND('Data Summary'!C173="PASS",'Data - Sample Type 1'!GM45<>0),'Data - Sample Type 1'!GM45,"") -> 68.4 | AA46: =IF('Data Summary'!C173="PASS",IF('Data - Sample Type 1'!BU45=0,"",'Data - Sample Type 1'!BU45),"") -> 28 | AC46: =IF(AND('Data Summary'!C173="PASS",'Data - Sample Type 1'!HC45<>0),'Data - Sample Type 1'!HC45,"") -> 70.1 | AE46: =IF(AND('Data Summary'!C173="PASS",AC46<>""),'Data - Sample Type 1'!HD45,"") -> 94.7 | AG46: =IF(AND('Data Summary'!C173="PASS",'Data - Sample Type 1'!HK45<>0),'Data - Sample Type 1'!HK45,"") -> 70.7 | AI46: =IF(AND('Data Summary'!C173="PASS",AG46<>""),'Data - Sample Type 1'!HL45,"") -> 138.4 | AK46: =IF(AND('Data Summary'!C173="PASS",'Data - Sample Type 1'!HS45<>0),'Data - Sample Type 1'!HS45,"") -> 69.1 | AM46: =IF(AND('Data Summary'!C173="PASS",AK46<>""),'Data - Sample Type 1'!HT45,"") -> 91.4 | AO46: =IF('Data Summary'!C173="PASS",IF('Data - Sample Type 1'!DK45=0,"",'Data - Sample Type 1'!DK45),"") -> 23.1 | AQ46: =IF('Data Summary'!C173="PASS",IF('Data - Sample Type 1'!DY45=0,"",'Data - Sample Type 1'!DY45),"") -> 20.1 | AS46: =IF('Data Summary'!C173="PASS",IF('Data - Sample Type 1'!EM45=0,"",'Data - Sample Type 1'!EM45),"") -> 24
F47: =IF('Data Summary'!C69="PASS",IF('Data Summary'!A69="","",'Data - Sample Type 0'!Q46),"") -> 27.7 | K47: =IF(AND('Data Summary'!C174="PASS",'Data - Sample Type 1'!FO46<>0),'Data - Sample Type 1'!FO46,"") -> 76 | L47: =IF(AND(L43>=Specifications!$C$21,L43<=Specifications!$D$21),"PASS","FAIL") -> PASS | M47: =IF('Data Summary'!C174="PASS",IF('Data - Sample Type 1'!AE46=0,"",'Data - Sample Type 1'!AE46),"") -> 25.1 | N47: =IF(N43<=Specifications!D$22,"PASS","FAIL") -> PASS | O47: =IF(AND('Data Summary'!C174="PASS",'Data - Sample Type 1'!FW46<>0),'Data - Sample Type 1'!FW46,"") -> 73.4 | P47: =IF(AND(P43>=Specifications!$C$23,P43<=Specifications!$D$23),"PASS","FAIL") -> PASS | Q47: =IF(AND('Data Summary'!C174="PASS",O47<>""),'Data - Sample Type 1'!FX46,"") -> 113.3 | R47: FIO | S47: =IF(AND('Data Summary'!C174="PASS",'Data - Sample Type 1'!GE46<>0),'Data - Sample Type 1'!GE46,"") -> 71.2 | T47: =IF(AND(T43>=Specifications!$C$25,T43<=Specifications!$D$25),"PASS","FAIL") -> PASS | U47: =IF(AND('Data Summary'!C174="PASS",S47<>""),'Data - Sample Type 1'!GF46,"") -> 262.2 | V47: FIO | W47: =IF('Data Summary'!C174="PASS",IF('Data - Sample Type 1'!BG46=0,"",'Data - Sample Type 1'!BG46),"") -> 23.2 | X47: =IF(X43<=Specifications!D$27,"PASS","FAIL") -> PASS | Y47: =IF(AND('Data Summary'!C174="PASS",'Data - Sample Type 1'!GM46<>0),'Data - Sample Type 1'!GM46,"") -> 68.5 | Z47: =IF(AND(Z43>=Specifications!$C$28,Z43<=Specifications!$D$28),"PASS","FAIL") -> FAIL | AA47: =IF('Data Summary'!C174="PASS",IF('Data - Sample Type 1'!BU46=0,"",'Data - Sample Type 1'!BU46),"") -> 29.2 | AB47: FIO | AC47: =IF(AND('Data Summary'!C174="PASS",'Data - Sample Type 1'!HC46<>0),'Data - Sample Type 1'!HC46,"") -> 70.1 | AD47: =IF(AND(AD43>=Specifications!$C$31,AD43<=Specifications!$D$31),"PASS","FAIL") -> PASS | AE47: =IF(AND('Data Summary'!C174="PASS",AC47<>""),'Data - Sample Type 1'!HD46,"") -> 93.2 | AF47: FIO | AG47: =IF(AND('Data Summary'!C174="PASS",'Data - Sample Type 1'!HK46<>0),'Data - Sample Type 1'!HK46,"") -> 70.8 | AH47: =IF(AND(AH43>=Specifications!$C$33,AH43<=Specifications!$D$33),"PASS","FAIL") -> PASS | AI47: =IF(AND('Data Summary'!C174="PASS",AG47<>""),'Data - Sample Type 1'!HL46,"") -> 145.9 | AJ47: FIO | AK47: =IF(AND('Data Summary'!C174="PASS",'Data - Sample Type 1'!HS46<>0),'Data - Sample Type 1'!HS46,"") -> 69.2 | AL47: =IF(AND(AL43>=Specifications!$C$35,AL43<=Specifications!$D$35),"PASS","FAIL") -> PASS | AM47: =IF(AND('Data Summary'!C174="PASS",AK47<>""),'Data - Sample Type 1'!HT46,"") -> 88.8 | AN47: FIO | AO47: =IF('Data Summary'!C174="PASS",IF('Data - Sample Type 1'!DK46=0,"",'Data - Sample Type 1'!DK46),"") -> 24.9 | AP47: =IF(AP43<=Specifications!$D$37,"PASS","FAIL") -> PASS | AQ47: =IF('Data Summary'!C174="PASS",IF('Data - Sample Type 1'!DY46=0,"",'Data - Sample Type 1'!DY46),"") -> 21.7 | AR47: =IF(AR43<=Specifications!$D$38,"PASS","FAIL") -> PASS | AS47: =IF('Data Summary'!C174="PASS",IF('Data - Sample Type 1'!EM46=0,"",'Data - Sample Type 1'!EM46),"") -> 25.6 | AT47: =IF(AT43<=Specifications!$D$39,"PASS","FAIL") -> PASS
E48: 5 | F48: =IF('Data Summary'!C70="PASS",IF('Data Summary'!A70="","",'Data - Sample Type 0'!Q47),"") -> 27.4 | G48: =IF(G43<=Specifications!$G$20,"PASS","FAIL") -> PASS | K48: =IF(AND('Data Summary'!C175="PASS",'Data - Sample Type 1'!FO47<>0),'Data - Sample Type 1'!FO47,"") -> 75.7 | M48: =IF('Data Summary'!C175="PASS",IF('Data - Sample Type 1'!AE47=0,"",'Data - Sample Type 1'!AE47),"") -> 25.8 | O48: =IF(AND('Data Summary'!C175="PASS",'Data - Sample Type 1'!FW47<>0),'Data - Sample Type 1'!FW47,"") -> 73.1 | Q48: =IF(AND('Data Summary'!C175="PASS",O48<>""),'Data - Sample Type 1'!FX47,"") -> 95.2 | S48: =IF(AND('Data Summary'!C175="PASS",'Data - Sample Type 1'!GE47<>0),'Data - Sample Type 1'!GE47,"") -> 71 | U48: =IF(AND('Data Summary'!C175="PASS",S48<>""),'Data - Sample Type 1'!GF47,"") -> 252.6 | W48: =IF('Data Summary'!C175="PASS",IF('Data - Sample Type 1'!BG47=0,"",'Data - Sample Type 1'!BG47),"") -> 20.4 | Y48: =IF(AND('Data Summary'!C175="PASS",'Data - Sample Type 1'!GM47<>0),'Data - Sample Type 1'!GM47,"") -> 68 | AA48: =IF('Data Summary'!C175="PASS",IF('Data - Sample Type 1'!BU47=0,"",'Data - Sample Type 1'!BU47),"") -> 28.3 | AC48: =IF(AND('Data Summary'!C175="PASS",'Data - Sample Type 1'!HC47<>0),'Data - Sample Type 1'!HC47,"") -> 70.1 | AE48: =IF(AND('Data Summary'!C175="PASS",AC48<>""),'Data - Sample Type 1'!HD47,"") -> 77.4 | AG48: =IF(AND('Data Summary'!C175="PASS",'Data - Sample Type 1'!HK47<>0),'Data - Sample Type 1'!HK47,"") -> 70.6 | AI48: =IF(AND('Data Summary'!C175="PASS",AG48<>""),'Data - Sample Type 1'!HL47,"") -> 145.8 | AK48: =IF(AND('Data Summary'!C175="PASS",'Data - Sample Type 1'!HS47<>0),'Data - Sample Type 1'!HS47,"") -> 68.9 | AM48: =IF(AND('Data Summary'!C175="PASS",AK48<>""),'Data - Sample Type 1'!HT47,"") -> 132.8 | AO48: =IF('Data Summary'!C175="PASS",IF('Data - Sample Type 1'!DK47=0,"",'Data - Sample Type 1'!DK47),"") -> 23.3 | AQ48: =IF('Data Summary'!C175="PASS",IF('Data - Sample Type 1'!DY47=0,"",'Data - Sample Type 1'!DY47),"") -> 21.5 | AS48: =IF('Data Summary'!C175="PASS",IF('Data - Sample Type 1'!EM47=0,"",'Data - Sample Type 1'!EM47),"") -> 26.5
F49: =IF('Data Summary'!C71="PASS",IF('Data Summary'!A71="","",'Data - Sample Type 0'!Q48),"") -> 29.7 | K49: =IF(AND('Data Summary'!C176="PASS",'Data - Sample Type 1'!FO48<>0),'Data - Sample Type 1'!FO48,"") -> 76 | M49: =IF('Data Summary'!C176="PASS",IF('Data - Sample Type 1'!AE48=0,"",'Data - Sample Type 1'!AE48),"") -> 24.1 | O49: =IF(AND('Data Summary'!C176="PASS",'Data - Sample Type 1'!FW48<>0),'Data - Sample Type 1'!FW48,"") -> 73.5 | Q49: =IF(AND('Data Summary'!C176="PASS",O49<>""),'Data - Sample Type 1'!FX48,"") -> 92.4 | S49: =IF(AND('Data Summary'!C176="PASS",'Data - Sample Type 1'!GE48<>0),'Data - Sample Type 1'!GE48,"") -> 71.2 | U49: =IF(AND('Data Summary'!C176="PASS",S49<>""),'Data - Sample Type 1'!GF48,"") -> 223.2 | W49: =IF('Data Summary'!C176="PASS",IF('Data - Sample Type 1'!BG48=0,"",'Data - Sample Type 1'!BG48),"") -> 21.7 | Y49: =IF(AND('Data Summary'!C176="PASS",'Data - Sample Type 1'!GM48<>0),'Data - Sample Type 1'!GM48,"") -> 68.4 | AA49: =IF('Data Summary'!C176="PASS",IF('Data - Sample Type 1'!BU48=0,"",'Data - Sample Type 1'!BU48),"") -> 28.6 | AC49: =IF(AND('Data Summary'!C176="PASS",'Data - Sample Type 1'!HC48<>0),'Data - Sample Type 1'!HC48,"") -> 70.3 | AE49: =IF(AND('Data Summary'!C176="PASS",AC49<>""),'Data - Sample Type 1'!HD48,"") -> 75.8 | AG49: =IF(AND('Data Summary'!C176="PASS",'Data - Sample Type 1'!HK48<>0),'Data - Sample Type 1'!HK48,"") -> 70.8 | AI49: =IF(AND('Data Summary'!C176="PASS",AG49<>""),'Data - Sample Type 1'!HL48,"") -> 117.3 | AK49: =IF(AND('Data Summary'!C176="PASS",'Data - Sample Type 1'!HS48<>0),'Data - Sample Type 1'!HS48,"") -> 69.2 | AM49: =IF(AND('Data Summary'!C176="PASS",AK49<>""),'Data - Sample Type 1'!HT48,"") -> 82.1 | AO49: =IF('Data Summary'!C176="PASS",IF('Data - Sample Type 1'!DK48=0,"",'Data - Sample Type 1'!DK48),"") -> 24.9 | AQ49: =IF('Data Summary'!C176="PASS",IF('Data - Sample Type 1'!DY48=0,"",'Data - Sample Type 1'!DY48),"") -> 21.4 | AS49: =IF('Data Summary'!C176="PASS",IF('Data - Sample Type 1'!EM48=0,"",'Data - Sample Type 1'!EM48),"") -> 27.7
F50: =IF('Data Summary'!C72="PASS",IF('Data Summary'!A72="","",'Data - Sample Type 0'!Q49),"") -> 26.8 | K50: =IF(AND('Data Summary'!C177="PASS",'Data - Sample Type 1'!FO49<>0),'Data - Sample Type 1'!FO49,"") -> 75.9 | M50: =IF('Data Summary'!C177="PASS",IF('Data - Sample Type 1'!AE49=0,"",'Data - Sample Type 1'!AE49),"") -> 28.4 | O50: =IF(AND('Data Summary'!C177="PASS",'Data - Sample Type 1'!FW49<>0),'Data - Sample Type 1'!FW49,"") -> 73.4 | Q50: =IF(AND('Data Summary'!C177="PASS",O50<>""),'Data - Sample Type 1'!FX49,"") -> 114.2 | S50: =IF(AND('Data Summary'!C177="PASS",'Data - Sample Type 1'!GE49<>0),'Data - Sample Type 1'!GE49,"") -> 71.2 | U50: =IF(AND('Data Summary'!C177="PASS",S50<>""),'Data - Sample Type 1'!GF49,"") -> 250.4 | W50: =IF('Data Summary'!C177="PASS",IF('Data - Sample Type 1'!BG49=0,"",'Data - Sample Type 1'!BG49),"") -> 23.8 | Y50: =IF(AND('Data Summary'!C177="PASS",'Data - Sample Type 1'!GM49<>0),'Data - Sample Type 1'!GM49,"") -> 68.3 | AA50: =IF('Data Summary'!C177="PASS",IF('Data - Sample Type 1'!BU49=0,"",'Data - Sample Type 1'!BU49),"") -> 32.2 | AC50: =IF(AND('Data Summary'!C177="PASS",'Data - Sample Type 1'!HC49<>0),'Data - Sample Type 1'!HC49,"") -> 70.2 | AE50: =IF(AND('Data Summary'!C177="PASS",AC50<>""),'Data - Sample Type 1'!HD49,"") -> 78.6 | AG50: =IF(AND('Data Summary'!C177="PASS",'Data - Sample Type 1'!HK49<>0),'Data - Sample Type 1'!HK49,"") -> 70.8 | AI50: =IF(AND('Data Summary'!C177="PASS",AG50<>""),'Data - Sample Type 1'!HL49,"") -> 135.6 | AK50: =IF(AND('Data Summary'!C177="PASS",'Data - Sample Type 1'!HS49<>0),'Data - Sample Type 1'!HS49,"") -> 69.1 | AM50: =IF(AND('Data Summary'!C177="PASS",AK50<>""),'Data - Sample Type 1'!HT49,"") -> 94.6 | AO50: =IF('Data Summary'!C177="PASS",IF('Data - Sample Type 1'!DK49=0,"",'Data - Sample Type 1'!DK49),"") -> 25.6 | AQ50: =IF('Data Summary'!C177="PASS",IF('Data - Sample Type 1'!DY49=0,"",'Data - Sample Type 1'!DY49),"") -> 22.5 | AS50: =IF('Data Summary'!C177="PASS",IF('Data - Sample Type 1'!EM49=0,"",'Data - Sample Type 1'!EM49),"") -> 27.5
F51: =IF('Data Summary'!C73="PASS",IF('Data Summary'!A73="","",'Data - Sample Type 0'!Q50),"") -> 26.5 | J51: 7 | K51: =IF(AND('Data Summary'!C178="PASS",'Data - Sample Type 1'!FO50<>0),'Data - Sample Type 1'!FO50,"") -> 75.8 | L51: =AVERAGE(K51:K58) -> 75.925 | M51: =IF('Data Summary'!C178="PASS",IF('Data - Sample Type 1'!AE50=0,"",'Data - Sample Type 1'!AE50),"") -> 24.2 | N51: =AVERAGE(M51:M58) -> 25.1 | O51: =IF(AND('Data Summary'!C178="PASS",'Data - Sample Type 1'!FW50<>0),'Data - Sample Type 1'!FW50,"") -> 73.3 | P51: =AVERAGE(O51:O58) -> 73.375 | Q51: =IF(AND('Data Summary'!C178="PASS",O51<>""),'Data - Sample Type 1'!FX50,"") -> 89.2 | R51: =AVERAGE(Q51:Q58) -> 96.775 | S51: =IF(AND('Data Summary'!C178="PASS",'Data - Sample Type 1'!GE50<>0),'Data - Sample Type 1'!GE50,"") -> 71.1 | T51: =AVERAGE(S51:S58) -> 71.1625 | U51: =IF(AND('Data Summary'!C178="PASS",S51<>""),'Data - Sample Type 1'!GF50,"") -> 227 | V51: =AVERAGE(U51:U58) -> 243.8875 | W51: =IF('Data Summary'!C178="PASS",IF('Data - Sample Type 1'!BG50=0,"",'Data - Sample Type 1'!BG50),"") -> 22.2 | X51: =AVERAGE(W51:W58) -> 22.2875 | Y51: =IF(AND('Data Summary'!C178="PASS",'Data - Sample Type 1'!GM50<>0),'Data - Sample Type 1'!GM50,"") -> 68.2 | Z51: =AVERAGE(Y51:Y58) -> 68.3375 | AA51: =IF('Data Summary'!C178="PASS",IF('Data - Sample Type 1'!BU50=0,"",'Data - Sample Type 1'!BU50),"") -> 28.6 | AB51: =AVERAGE(AA51:AA58) -> 29.6625 | AC51: =IF(AND('Data Summary'!C178="PASS",'Data - Sample Type 1'!HC50<>0),'Data - Sample Type 1'!HC50,"") -> 70.2 | AD51: =AVERAGE(AC51:AC58) -> 70.2125 | AE51: =IF(AND('Data Summary'!C178="PASS",AC51<>""),'Data - Sample Type 1'!HD50,"") -> 78.2 | AF51: =AVERAGE(AE51:AE58) -> 79.9 | AG51: =IF(AND('Data Summary'!C178="PASS",'Data - Sample Type 1'!HK50<>0),'Data - Sample Type 1'!HK50,"") -> 70.8 | AH51: =AVERAGE(AG51:AG58) -> 70.8125 | AI51: =IF(AND('Data Summary'!C178="PASS",AG51<>""),'Data - Sample Type 1'!HL50,"") -> 120.4 | AJ51: =AVERAGE(AI51:AI58) -> 132.3125 | AK51: =IF(AND('Data Summary'!C178="PASS",'Data - Sample Type 1'!HS50<>0),'Data - Sample Type 1'!HS50,"") -> 69 | AL51: =AVERAGE(AK51:AK58) -> 69.0875 | AM51: =IF(AND('Data Summary'!C178="PASS",AK51<>""),'Data - Sample Type 1'!HT50,"") -> 86.9 | AN51: =AVERAGE(AM51:AM58) -> 89.1375 | AO51: =IF('Data Summary'!C178="PASS",IF('Data - Sample Type 1'!DK50=0,"",'Data - Sample Type 1'!DK50),"") -> 24.3 | AP51: =AVERAGE(AO51:AO58) -> 24.725 | AQ51: =IF('Data Summary'!C178="PASS",IF('Data - Sample Type 1'!DY50=0,"",'Data - Sample Type 1'!DY50),"") -> 21.1 | AR51: =AVERAGE(AQ51:AQ58) -> 21.65 | AS51: =IF('Data Summary'!C178="PASS",IF('Data - Sample Type 1'!EM50=0,"",'Data - Sample Type 1'!EM50),"") -> 24.5 | AT51: =AVERAGE(AS51:AS58) -> 25.8125
F52: =IF('Data Summary'!C74="PASS",IF('Data Summary'!A74="","",'Data - Sample Type 0'!Q51),"") -> 28.3 | K52: =IF(AND('Data Summary'!C179="PASS",'Data - Sample Type 1'!FO51<>0),'Data - Sample Type 1'!FO51,"") -> 75.8 | M52: =IF('Data Summary'!C179="PASS",IF('Data - Sample Type 1'!AE51=0,"",'Data - Sample Type 1'!AE51),"") -> 26 | O52: =IF(AND('Data Summary'!C179="PASS",'Data - Sample Type 1'!FW51<>0),'Data - Sample Type 1'!FW51,"") -> 73.2 | Q52: =IF(AND('Data Summary'!C179="PASS",O52<>""),'Data - Sample Type 1'!FX51,"") -> 105.2 | S52: =IF(AND('Data Summary'!C179="PASS",'Data - Sample Type 1'!GE51<>0),'Data - Sample Type 1'!GE51,"") -> 71 | U52: =IF(AND('Data Summary'!C179="PASS",S52<>""),'Data - Sample Type 1'!GF51,"") -> 276.3 | W52: =IF('Data Summary'!C179="PASS",IF('Data - Sample Type 1'!BG51=0,"",'Data - Sample Type 1'!BG51),"") -> 22.6 | Y52: =IF(AND('Data Summary'!C179="PASS",'Data - Sample Type 1'!GM51<>0),'Data - Sample Type 1'!GM51,"") -> 68.2 | AA52: =IF('Data Summary'!C179="PASS",IF('Data - Sample Type 1'!BU51=0,"",'Data - Sample Type 1'!BU51),"") -> 30.1 | AC52: =IF(AND('Data Summary'!C179="PASS",'Data - Sample Type 1'!HC51<>0),'Data - Sample Type 1'!HC51,"") -> 70.1 | AE52: =IF(AND('Data Summary'!C179="PASS",AC52<>""),'Data - Sample Type 1'!HD51,"") -> 76.2 | AG52: =IF(AND('Data Summary'!C179="PASS",'Data - Sample Type 1'!HK51<>0),'Data - Sample Type 1'!HK51,"") -> 70.7 | AI52: =IF(AND('Data Summary'!C179="PASS",AG52<>""),'Data - Sample Type 1'!HL51,"") -> 138 | AK52: =IF(AND('Data Summary'!C179="PASS",'Data - Sample Type 1'!HS51<>0),'Data - Sample Type 1'!HS51,"") -> 68.9 | AM52: =IF(AND('Data Summary'!C179="PASS",AK52<>""),'Data - Sample Type 1'!HT51,"") -> 92.8 | AO52: =IF('Data Summary'!C179="PASS",IF('Data - Sample Type 1'!DK51=0,"",'Data - Sample Type 1'!DK51),"") -> 25.2 | AQ52: =IF('Data Summary'!C179="PASS",IF('Data - Sample Type 1'!DY51=0,"",'Data - Sample Type 1'!DY51),"") -> 21.7 | AS52: =IF('Data Summary'!C179="PASS",IF('Data - Sample Type 1'!EM51=0,"",'Data - Sample Type 1'!EM51),"") -> 27.2
E53: 6 | F53: =IF('Data Summary'!C75="PASS",IF('Data Summary'!A75="","",'Data - Sample Type 0'!Q52),"") -> 27.7 | G53: =AVERAGE(F53:F62) -> 28.48 | K53: =IF(AND('Data Summary'!C180="PASS",'Data - Sample Type 1'!FO52<>0),'Data - Sample Type 1'!FO52,"") -> 75.9 | M53: =IF('Data Summary'!C180="PASS",IF('Data - Sample Type 1'!AE52=0,"",'Data - Sample Type 1'!AE52),"") -> 26.5 | O53: =IF(AND('Data Summary'!C180="PASS",'Data - Sample Type 1'!FW52<>0),'Data - Sample Type 1'!FW52,"") -> 73.3 | Q53: =IF(AND('Data Summary'!C180="PASS",O53<>""),'Data - Sample Type 1'!FX52,"") -> 113.6 | S53: =IF(AND('Data Summary'!C180="PASS",'Data - Sample Type 1'!GE52<>0),'Data - Sample Type 1'!GE52,"") -> 71.1 | U53: =IF(AND('Data Summary'!C180="PASS",S53<>""),'Data - Sample Type 1'!GF52,"") -> 255.9 | W53: =IF('Data Summary'!C180="PASS",IF('Data - Sample Type 1'!BG52=0,"",'Data - Sample Type 1'!BG52),"") -> 22.2 | Y53: =IF(AND('Data Summary'!C180="PASS",'Data - Sample Type 1'!GM52<>0),'Data - Sample Type 1'!GM52,"") -> 68.4 | AA53: =IF('Data Summary'!C180="PASS",IF('Data - Sample Type 1'!BU52=0,"",'Data - Sample Type 1'!BU52),"") -> 31.4 | AC53: =IF(AND('Data Summary'!C180="PASS",'Data - Sample Type 1'!HC52<>0),'Data - Sample Type 1'!HC52,"") -> 70.1 | AE53: =IF(AND('Data Summary'!C180="PASS",AC53<>""),'Data - Sample Type 1'!HD52,"") -> 81.6 | AG53: =IF(AND('Data Summary'!C180="PASS",'Data - Sample Type 1'!HK52<>0),'Data - Sample Type 1'!HK52,"") -> 70.7 | AI53: =IF(AND('Data Summary'!C180="PASS",AG53<>""),'Data - Sample Type 1'!HL52,"") -> 131.6 | AK53: =IF(AND('Data Summary'!C180="PASS",'Data - Sample Type 1'!HS52<>0),'Data - Sample Type 1'!HS52,"") -> 69.1 | AM53: =IF(AND('Data Summary'!C180="PASS",AK53<>""),'Data - Sample Type 1'!HT52,"") -> 97.7 | AO53: =IF('Data Summary'!C180="PASS",IF('Data - Sample Type 1'!DK52=0,"",'Data - Sample Type 1'!DK52),"") -> 26.3 | AQ53: =IF('Data Summary'!C180="PASS",IF('Data - Sample Type 1'!DY52=0,"",'Data - Sample Type 1'!DY52),"") -> 23.2 | AS53: =IF('Data Summary'!C180="PASS",IF('Data - Sample Type 1'!EM52=0,"",'Data - Sample Type 1'!EM52),"") -> 28.3
F54: =IF('Data Summary'!C76="PASS",IF('Data Summary'!A76="","",'Data - Sample Type 0'!Q53),"") -> 29.4 | K54: =IF(AND('Data Summary'!C181="PASS",'Data - Sample Type 1'!FO53<>0),'Data - Sample Type 1'!FO53,"") -> 76 | M54: =IF('Data Summary'!C181="PASS",IF('Data - Sample Type 1'!AE53=0,"",'Data - Sample Type 1'!AE53),"") -> 29 | O54: =IF(AND('Data Summary'!C181="PASS",'Data - Sample Type 1'!FW53<>0),'Data - Sample Type 1'!FW53,"") -> 73.4 | Q54: =IF(AND('Data Summary'!C181="PASS",O54<>""),'Data - Sample Type 1'!FX53,"") -> 98.5 | S54: =IF(AND('Data Summary'!C181="PASS",'Data - Sample Type 1'!GE53<>0),'Data - Sample Type 1'!GE53,"") -> 71.2 | U54: =IF(AND('Data Summary'!C181="PASS",S54<>""),'Data - Sample Type 1'!GF53,"") -> 236.2 | W54: =IF('Data Summary'!C181="PASS",IF('Data - Sample Type 1'!BG53=0,"",'Data - Sample Type 1'!BG53),"") -> 25.8 | Y54: =IF(AND('Data Summary'!C181="PASS",'Data - Sample Type 1'!GM53<>0),'Data - Sample Type 1'!GM53,"") -> 68.4 | AA54: =IF('Data Summary'!C181="PASS",IF('Data - Sample Type 1'!BU53=0,"",'Data - Sample Type 1'!BU53),"") -> 32.4 | AC54: =IF(AND('Data Summary'!C181="PASS",'Data - Sample Type 1'!HC53<>0),'Data - Sample Type 1'!HC53,"") -> 70.1 | AE54: =IF(AND('Data Summary'!C181="PASS",AC54<>""),'Data - Sample Type 1'!HD53,"") -> 78.7 | AG54: =IF(AND('Data Summary'!C181="PASS",'Data - Sample Type 1'!HK53<>0),'Data - Sample Type 1'!HK53,"") -> 70.7 | AI54: =IF(AND('Data Summary'!C181="PASS",AG54<>""),'Data - Sample Type 1'!HL53,"") -> 131.3 | AK54: =IF(AND('Data Summary'!C181="PASS",'Data - Sample Type 1'!HS53<>0),'Data - Sample Type 1'!HS53,"") -> 69.2 | AM54: =IF(AND('Data Summary'!C181="PASS",AK54<>""),'Data - Sample Type 1'!HT53,"") -> 95.1 | AO54: =IF('Data Summary'!C181="PASS",IF('Data - Sample Type 1'!DK53=0,"",'Data - Sample Type 1'!DK53),"") -> 26.1 | AQ54: =IF('Data Summary'!C181="PASS",IF('Data - Sample Type 1'!DY53=0,"",'Data - Sample Type 1'!DY53),"") -> 22.7 | AS54: =IF('Data Summary'!C181="PASS",IF('Data - Sample Type 1'!EM53=0,"",'Data - Sample Type 1'!EM53),"") -> 26.5
E55: 6 | F55: =IF('Data Summary'!C77="PASS",IF('Data Summary'!A77="","",'Data - Sample Type 0'!Q54),"") -> 29.7 | K55: =IF(AND('Data Summary'!C182="PASS",'Data - Sample Type 1'!FO54<>0),'Data - Sample Type 1'!FO54,"") -> 75.7 | L55: =IF(AND(L51>=Specifications!$C$21,L51<=Specifications!$D$21),"PASS","FAIL") -> PASS | M55: =IF('Data Summary'!C182="PASS",IF('Data - Sample Type 1'!AE54=0,"",'Data - Sample Type 1'!AE54),"") -> 24.5 | N55: =IF(N51<=Specifications!D$22,"PASS","FAIL") -> PASS | O55: =IF(AND('Data Summary'!C182="PASS",'Data - Sample Type 1'!FW54<>0),'Data - Sample Type 1'!FW54,"") -> 73.3 | P55: =IF(AND(P51>=Specifications!$C$23,P51<=Specifications!$D$23),"PASS","FAIL") -> PASS | Q55: =IF(AND('Data Summary'!C182="PASS",O55<>""),'Data - Sample Type 1'!FX54,"") -> 109.5 | R55: FIO | S55: =IF(AND('Data Summary'!C182="PASS",'Data - Sample Type 1'!GE54<>0),'Data - Sample Type 1'!GE54,"") -> 71.1 | T55: =IF(AND(T51>=Specifications!$C$25,T51<=Specifications!$D$25),"PASS","FAIL") -> PASS | U55: =IF(AND('Data Summary'!C182="PASS",S55<>""),'Data - Sample Type 1'!GF54,"") -> 232.2 | V55: FIO | W55: =IF('Data Summary'!C182="PASS",IF('Data - Sample Type 1'!BG54=0,"",'Data - Sample Type 1'!BG54),"") -> 20.4 | X55: =IF(X51<=Specifications!D$27,"PASS","FAIL") -> PASS | Y55: =IF(AND('Data Summary'!C182="PASS",'Data - Sample Type 1'!GM54<>0),'Data - Sample Type 1'!GM54,"") -> 68 | Z55: =IF(AND(Z51>=Specifications!$C$28,Z51<=Specifications!$D$28),"PASS","FAIL") -> PASS | AA55: =IF('Data Summary'!C182="PASS",IF('Data - Sample Type 1'!BU54=0,"",'Data - Sample Type 1'!BU54),"") -> 29.6 | AB55: FIO | AC55: =IF(AND('Data Summary'!C182="PASS",'Data - Sample Type 1'!HC54<>0),'Data - Sample Type 1'!HC54,"") -> 70.2 | AD55: =IF(AND(AD51>=Specifications!$C$31,AD51<=Specifications!$D$31),"PASS","FAIL") -> PASS | AE55: =IF(AND('Data Summary'!C182="PASS",AC55<>""),'Data - Sample Type 1'!HD54,"") -> 75.6 | AF55: FIO | AG55: =IF(AND('Data Summary'!C182="PASS",'Data - Sample Type 1'!HK54<>0),'Data - Sample Type 1'!HK54,"") -> 70.8 | AH55: =IF(AND(AH51>=Specifications!$C$33,AH51<=Specifications!$D$33),"PASS","FAIL") -> PASS | AI55: =IF(AND('Data Summary'!C182="PASS",AG55<>""),'Data - Sample Type 1'!HL54,"") -> 131.8 | AJ55: FIO | AK55: =IF(AND('Data Summary'!C182="PASS",'Data - Sample Type 1'!HS54<>0),'Data - Sample Type 1'!HS54,"") -> 68.8 | AL55: =IF(AND(AL51>=Specifications!$C$35,AL51<=Specifications!$D$35),"PASS","FAIL") -> PASS | AM55: =IF(AND('Data Summary'!C182="PASS",AK55<>""),'Data - Sample Type 1'!HT54,"") -> 87.1 | AN55: FIO | AO55: =IF('Data Summary'!C182="PASS",IF('Data - Sample Type 1'!DK54=0,"",'Data - Sample Type 1'!DK54),"") -> 25.4 | AP55: =IF(AP51<=Specifications!$D$37,"PASS","FAIL") -> PASS | AQ55: =IF('Data Summary'!C182="PASS",IF('Data - Sample Type 1'!DY54=0,"",'Data - Sample Type 1'!DY54),"") -> 21.8 | AR55: =IF(AR51<=Specifications!$D$38,"PASS","FAIL") -> PASS | AS55: =IF('Data Summary'!C182="PASS",IF('Data - Sample Type 1'!EM54=0,"",'Data - Sample Type 1'!EM54),"") -> 26.6 | AT55: =IF(AT51<=Specifications!$D$39,"PASS","FAIL") -> PASS
F56: =IF('Data Summary'!C78="PASS",IF('Data Summary'!A78="","",'Data - Sample Type 0'!Q55),"") -> 26.6 | K56: =IF(AND('Data Summary'!C183="PASS",'Data - Sample Type 1'!FO55<>0),'Data - Sample Type 1'!FO55,"") -> 76.1 | M56: =IF('Data Summary'!C183="PASS",IF('Data - Sample Type 1'!AE55=0,"",'Data - Sample Type 1'!AE55),"") -> 22.3 | O56: =IF(AND('Data Summary'!C183="PASS",'Data - Sample Type 1'!FW55<>0),'Data - Sample Type 1'!FW55,"") -> 73.6 | Q56: =IF(AND('Data Summary'!C183="PASS",O56<>""),'Data - Sample Type 1'!FX55,"") -> 84.6 | S56: =IF(AND('Data Summary'!C183="PASS",'Data - Sample Type 1'!GE55<>0),'Data - Sample Type 1'!GE55,"") -> 71.3 | U56: =IF(AND('Data Summary'!C183="PASS",S56<>""),'Data - Sample Type 1'!GF55,"") -> 229 | W56: =IF('Data Summary'!C183="PASS",IF('Data - Sample Type 1'!BG55=0,"",'Data - Sample Type 1'!BG55),"") -> 21.2 | Y56: =IF(AND('Data Summary'!C183="PASS",'Data - Sample Type 1'!GM55<>0),'Data - Sample Type 1'!GM55,"") -> 68.5 | AA56: =IF('Data Summary'!C183="PASS",IF('Data - Sample Type 1'!BU55=0,"",'Data - Sample Type 1'!BU55),"") -> 27.3 | AC56: =IF(AND('Data Summary'!C183="PASS",'Data - Sample Type 1'!HC55<>0),'Data - Sample Type 1'!HC55,"") -> 70.4 | AE56: =IF(AND('Data Summary'!C183="PASS",AC56<>""),'Data - Sample Type 1'!HD55,"") -> 82.1 | AG56: =IF(AND('Data Summary'!C183="PASS",'Data - Sample Type 1'!HK55<>0),'Data - Sample Type 1'!HK55,"") -> 71 | AI56: =IF(AND('Data Summary'!C183="PASS",AG56<>""),'Data - Sample Type 1'!HL55,"") -> 139.6 | AK56: =IF(AND('Data Summary'!C183="PASS",'Data - Sample Type 1'!HS55<>0),'Data - Sample Type 1'!HS55,"") -> 69.2 | AM56: =IF(AND('Data Summary'!C183="PASS",AK56<>""),'Data - Sample Type 1'!HT55,"") -> 83.9 | AO56: =IF('Data Summary'!C183="PASS",IF('Data - Sample Type 1'!DK55=0,"",'Data - Sample Type 1'!DK55),"") -> 23.7 | AQ56: =IF('Data Summary'!C183="PASS",IF('Data - Sample Type 1'!DY55=0,"",'Data - Sample Type 1'!DY55),"") -> 20.7 | AS56: =IF('Data Summary'!C183="PASS",IF('Data - Sample Type 1'!EM55=0,"",'Data - Sample Type 1'!EM55),"") -> 24.8
F57: =IF('Data Summary'!C79="PASS",IF('Data Summary'!A79="","",'Data - Sample Type 0'!Q56),"") -> 29.2 | K57: =IF(AND('Data Summary'!C184="PASS",'Data - Sample Type 1'!FO56<>0),'Data - Sample Type 1'!FO56,"") -> 75.9 | M57: =IF('Data Summary'!C184="PASS",IF('Data - Sample Type 1'!AE56=0,"",'Data - Sample Type 1'!AE56),"") -> 25.2 | O57: =IF(AND('Data Summary'!C184="PASS",'Data - Sample Type 1'!FW56<>0),'Data - Sample Type 1'!FW56,"") -> 73.3 | Q57: =IF(AND('Data Summary'!C184="PASS",O57<>""),'Data - Sample Type 1'!FX56,"") -> 88.3 | S57: =IF(AND('Data Summary'!C184="PASS",'Data - Sample Type 1'!GE56<>0),'Data - Sample Type 1'!GE56,"") -> 71.1 | U57: =IF(AND('Data Summary'!C184="PASS",S57<>""),'Data - Sample Type 1'!GF56,"") -> 225.6 | W57: =IF('Data Summary'!C184="PASS",IF('Data - Sample Type 1'!BG56=0,"",'Data - Sample Type 1'!BG56),"") -> 21.8 | Y57: =IF(AND('Data Summary'!C184="PASS",'Data - Sample Type 1'!GM56<>0),'Data - Sample Type 1'!GM56,"") -> 68.3 | AA57: =IF('Data Summary'!C184="PASS",IF('Data - Sample Type 1'!BU56=0,"",'Data - Sample Type 1'!BU56),"") -> 30 | AC57: =IF(AND('Data Summary'!C184="PASS",'Data - Sample Type 1'!HC56<>0),'Data - Sample Type 1'!HC56,"") -> 70.2 | AE57: =IF(AND('Data Summary'!C184="PASS",AC57<>""),'Data - Sample Type 1'!HD56,"") -> 71.5 | AG57: =IF(AND('Data Summary'!C184="PASS",'Data - Sample Type 1'!HK56<>0),'Data - Sample Type 1'!HK56,"") -> 70.8 | AI57: =IF(AND('Data Summary'!C184="PASS",AG57<>""),'Data - Sample Type 1'!HL56,"") -> 114.8 | AK57: =IF(AND('Data Summary'!C184="PASS",'Data - Sample Type 1'!HS56<>0),'Data - Sample Type 1'!HS56,"") -> 69.1 | AM57: =IF(AND('Data Summary'!C184="PASS",AK57<>""),'Data - Sample Type 1'!HT56,"") -> 78.9 | AO57: =IF('Data Summary'!C184="PASS",IF('Data - Sample Type 1'!DK56=0,"",'Data - Sample Type 1'!DK56),"") -> 24.2 | AQ57: =IF('Data Summary'!C184="PASS",IF('Data - Sample Type 1'!DY56=0,"",'Data - Sample Type 1'!DY56),"") -> 20.9 | AS57: =IF('Data Summary'!C184="PASS",IF('Data - Sample Type 1'!EM56=0,"",'Data - Sample Type 1'!EM56),"") -> 26.4
F58: =IF('Data Summary'!C80="PASS",IF('Data Summary'!A80="","",'Data - Sample Type 0'!Q57),"") -> 29.9 | G58: =IF(G53<=Specifications!$G$20,"PASS","FAIL") -> PASS | K58: =IF(AND('Data Summary'!C185="PASS",'Data - Sample Type 1'!FO57<>0),'Data - Sample Type 1'!FO57,"") -> 76.2 | M58: =IF('Data Summary'!C185="PASS",IF('Data - Sample Type 1'!AE57=0,"",'Data - Sample Type 1'!AE57),"") -> 23.1 | O58: =IF(AND('Data Summary'!C185="PASS",'Data - Sample Type 1'!FW57<>0),'Data - Sample Type 1'!FW57,"") -> 73.6 | Q58: =IF(AND('Data Summary'!C185="PASS",O58<>""),'Data - Sample Type 1'!FX57,"") -> 85.3 | S58: =IF(AND('Data Summary'!C185="PASS",'Data - Sample Type 1'!GE57<>0),'Data - Sample Type 1'!GE57,"") -> 71.4 | U58: =IF(AND('Data Summary'!C185="PASS",S58<>""),'Data - Sample Type 1'!GF57,"") -> 268.9 | W58: =IF('Data Summary'!C185="PASS",IF('Data - Sample Type 1'!BG57=0,"",'Data - Sample Type 1'!BG57),"") -> 22.1 | Y58: =IF(AND('Data Summary'!C185="PASS",'Data - Sample Type 1'!GM57<>0),'Data - Sample Type 1'!GM57,"") -> 68.7 | AA58: =IF('Data Summary'!C185="PASS",IF('Data - Sample Type 1'!BU57=0,"",'Data - Sample Type 1'!BU57),"") -> 27.9 | AC58: =IF(AND('Data Summary'!C185="PASS",'Data - Sample Type 1'!HC57<>0),'Data - Sample Type 1'!HC57,"") -> 70.4 | AE58: =IF(AND('Data Summary'!C185="PASS",AC58<>""),'Data - Sample Type 1'!HD57,"") -> 95.3 | AG58: =IF(AND('Data Summary'!C185="PASS",'Data - Sample Type 1'!HK57<>0),'Data - Sample Type 1'!HK57,"") -> 71 | AI58: =IF(AND('Data Summary'!C185="PASS",AG58<>""),'Data - Sample Type 1'!HL57,"") -> 151 | AK58: =IF(AND('Data Summary'!C185="PASS",'Data - Sample Type 1'!HS57<>0),'Data - Sample Type 1'!HS57,"") -> 69.4 | AM58: =IF(AND('Data Summary'!C185="PASS",AK58<>""),'Data - Sample Type 1'!HT57,"") -> 90.7 | AO58: =IF('Data Summary'!C185="PASS",IF('Data - Sample Type 1'!DK57=0,"",'Data - Sample Type 1'!DK57),"") -> 22.6 | AQ58: =IF('Data Summary'!C185="PASS",IF('Data - Sample Type 1'!DY57=0,"",'Data - Sample Type 1'!DY57),"") -> 21.1 | AS58: =IF('Data Summary'!C185="PASS",IF('Data - Sample Type 1'!EM57=0,"",'Data - Sample Type 1'!EM57),"") -> 22.2
F59: =IF('Data Summary'!C81="PASS",IF('Data Summary'!A81="","",'Data - Sample Type 0'!Q58),"") -> 27.2 | J59: 8 | K59: =IF(AND('Data Summary'!C186="PASS",'Data - Sample Type 1'!FO58<>0),'Data - Sample Type 1'!FO58,"") -> 76 | L59: =AVERAGE(K59:K66) -> 76.05 | M59: =IF('Data Summary'!C186="PASS",IF('Data - Sample Type 1'!AE58=0,"",'Data - Sample Type 1'!AE58),"") -> 21.9 | N59: =AVERAGE(M59:M66) -> 26.2875 | O59: =IF(AND('Data Summary'!C186="PASS",'Data - Sample Type 1'!FW58<>0),'Data - Sample Type 1'!FW58,"") -> 73.5 | P59: =AVERAGE(O59:O66) -> 73.5125 | Q59: =IF(AND('Data Summary'!C186="PASS",O59<>""),'Data - Sample Type 1'!FX58,"") -> 79.2 | R59: =AVERAGE(Q59:Q66) -> 86.0375 | S59: =IF(AND('Data Summary'!C186="PASS",'Data - Sample Type 1'!GE58<>0),'Data - Sample Type 1'!GE58,"") -> 71.2 | T59: =AVERAGE(S59:S66) -> 71.3 | U59: =IF(AND('Data Summary'!C186="PASS",S59<>""),'Data - Sample Type 1'!GF58,"") -> 268.7 | V59: =AVERAGE(U59:U66) -> 232.2875 | W59: =IF('Data Summary'!C186="PASS",IF('Data - Sample Type 1'!BG58=0,"",'Data - Sample Type 1'!BG58),"") -> 21.3 | X59: =AVERAGE(W59:W66) -> 23.1875 | Y59: =IF(AND('Data Summary'!C186="PASS",'Data - Sample Type 1'!GM58<>0),'Data - Sample Type 1'!GM58,"") -> 68.4 | Z59: =AVERAGE(Y59:Y66) -> 68.4625 | AA59: =IF('Data Summary'!C186="PASS",IF('Data - Sample Type 1'!BU58=0,"",'Data - Sample Type 1'!BU58),"") -> 26.7 | AB59: =AVERAGE(AA59:AA66) -> 30.4875 | AC59: =IF(AND('Data Summary'!C186="PASS",'Data - Sample Type 1'!HC58<>0),'Data - Sample Type 1'!HC58,"") -> 70.3 | AD59: =AVERAGE(AC59:AC66) -> 70.275 | AE59: =IF(AND('Data Summary'!C186="PASS",AC59<>""),'Data - Sample Type 1'!HD58,"") -> 78.4 | AF59: =AVERAGE(AE59:AE66) -> 73.1375 | AG59: =IF(AND('Data Summary'!C186="PASS",'Data - Sample Type 1'!HK58<>0),'Data - Sample Type 1'!HK58,"") -> 70.9 | AH59: =AVERAGE(AG59:AG66) -> 70.9125 | AI59: =IF(AND('Data Summary'!C186="PASS",AG59<>""),'Data - Sample Type 1'!HL58,"") -> 139.9 | AJ59: =AVERAGE(AI59:AI66) -> 122.325 | AK59: =IF(AND('Data Summary'!C186="PASS",'Data - Sample Type 1'!HS58<>0),'Data - Sample Type 1'!HS58,"") -> 69.2 | AL59: =AVERAGE(AK59:AK66) -> 69.25 | AM59: =IF(AND('Data Summary'!C186="PASS",AK59<>""),'Data - Sample Type 1'!HT58,"") -> 73.1 | AN59: =AVERAGE(AM59:AM66) -> 80.45 | AO59: =IF('Data Summary'!C186="PASS",IF('Data - Sample Type 1'!DK58=0,"",'Data - Sample Type 1'!DK58),"") -> 24.4 | AP59: =AVERAGE(AO59:AO66) -> 24.8375 | AQ59: =IF('Data Summary'!C186="PASS",IF('Data - Sample Type 1'!DY58=0,"",'Data - Sample Type 1'!DY58),"") -> 20.3 | AR59: =AVERAGE(AQ59:AQ66) -> 21.95 | AS59: =IF('Data Summary'!C186="PASS",IF('Data - Sample Type 1'!EM58=0,"",'Data - Sample Type 1'!EM58),"") -> 29.1 | AT59: =AVERAGE(AS59:AS66) -> 28.525
F60: =IF('Data Summary'!C82="PASS",IF('Data Summary'!A82="","",'Data - Sample Type 0'!Q59),"") -> 28.1 | K60: =IF(AND('Data Summary'!C187="PASS",'Data - Sample Type 1'!FO59<>0),'Data - Sample Type 1'!FO59,"") -> 76.1 | M60: =IF('Data Summary'!C187="PASS",IF('Data - Sample Type 1'!AE59=0,"",'Data - Sample Type 1'!AE59),"") -> 25.8 | O60: =IF(AND('Data Summary'!C187="PASS",'Data - Sample Type 1'!FW59<>0),'Data - Sample Type 1'!FW59,"") -> 73.5 | Q60: =IF(AND('Data Summary'!C187="PASS",O60<>""),'Data - Sample Type 1'!FX59,"") -> 97.2 | S60: =IF(AND('Data Summary'!C187="PASS",'Data - Sample Type 1'!GE59<>0),'Data - Sample Type 1'!GE59,"") -> 71.3 | U60: =IF(AND('Data Summary'!C187="PASS",S60<>""),'Data - Sample Type 1'!GF59,"") -> 197.9 | W60: =IF('Data Summary'!C187="PASS",IF('Data - Sample Type 1'!BG59=0,"",'Data - Sample Type 1'!BG59),"") -> 22.7 | Y60: =IF(AND('Data Summary'!C187="PASS",'Data - Sample Type 1'!GM59<>0),'Data - Sample Type 1'!GM59,"") -> 68.5 | AA60: =IF('Data Summary'!C187="PASS",IF('Data - Sample Type 1'!BU59=0,"",'Data - Sample Type 1'!BU59),"") -> 29.8 | AC60: =IF(AND('Data Summary'!C187="PASS",'Data - Sample Type 1'!HC59<>0),'Data - Sample Type 1'!HC59,"") -> 70.3 | AE60: =IF(AND('Data Summary'!C187="PASS",AC60<>""),'Data - Sample Type 1'!HD59,"") -> 69 | AG60: =IF(AND('Data Summary'!C187="PASS",'Data - Sample Type 1'!HK59<>0),'Data - Sample Type 1'!HK59,"") -> 70.9 | AI60: =IF(AND('Data Summary'!C187="PASS",AG60<>""),'Data - Sample Type 1'!HL59,"") -> 112.5 | AK60: =IF(AND('Data Summary'!C187="PASS",'Data - Sample Type 1'!HS59<>0),'Data - Sample Type 1'!HS59,"") -> 69.3 | AM60: =IF(AND('Data Summary'!C187="PASS",AK60<>""),'Data - Sample Type 1'!HT59,"") -> 71.8 | AO60: =IF('Data Summary'!C187="PASS",IF('Data - Sample Type 1'!DK59=0,"",'Data - Sample Type 1'!DK59),"") -> 24.3 | AQ60: =IF('Data Summary'!C187="PASS",IF('Data - Sample Type 1'!DY59=0,"",'Data - Sample Type 1'!DY59),"") -> 21.5 | AS60: =IF('Data Summary'!C187="PASS",IF('Data - Sample Type 1'!EM59=0,"",'Data - Sample Type 1'!EM59),"") -> 26.1
F61: =IF('Data Summary'!C83="PASS",IF('Data Summary'!A83="","",'Data - Sample Type 0'!Q60),"") -> 28.1 | K61: =IF(AND('Data Summary'!C188="PASS",'Data - Sample Type 1'!FO60<>0),'Data - Sample Type 1'!FO60,"") -> 76.1 | M61: =IF('Data Summary'!C188="PASS",IF('Data - Sample Type 1'!AE60=0,"",'Data - Sample Type 1'!AE60),"") -> 25.3 | O61: =IF(AND('Data Summary'!C188="PASS",'Data - Sample Type 1'!FW60<>0),'Data - Sample Type 1'!FW60,"") -> 73.6 | Q61: =IF(AND('Data Summary'!C188="PASS",O61<>""),'Data - Sample Type 1'!FX60,"") -> 89.2 | S61: =IF(AND('Data Summary'!C188="PASS",'Data - Sample Type 1'!GE60<>0),'Data - Sample Type 1'!GE60,"") -> 71.4 | U61: =IF(AND('Data Summary'!C188="PASS",S61<>""),'Data - Sample Type 1'!GF60,"") -> 261.6 | W61: =IF('Data Summary'!C188="PASS",IF('Data - Sample Type 1'!BG60=0,"",'Data - Sample Type 1'!BG60),"") -> 23.6 | Y61: =IF(AND('Data Summary'!C188="PASS",'Data - Sample Type 1'!GM60<>0),'Data - Sample Type 1'!GM60,"") -> 68.6 | AA61: =IF('Data Summary'!C188="PASS",IF('Data - Sample Type 1'!BU60=0,"",'Data - Sample Type 1'!BU60),"") -> 29.5 | AC61: =IF(AND('Data Summary'!C188="PASS",'Data - Sample Type 1'!HC60<>0),'Data - Sample Type 1'!HC60,"") -> 70.4 | AE61: =IF(AND('Data Summary'!C188="PASS",AC61<>""),'Data - Sample Type 1'!HD60,"") -> 74.8 | AG61: =IF(AND('Data Summary'!C188="PASS",'Data - Sample Type 1'!HK60<>0),'Data - Sample Type 1'!HK60,"") -> 71 | AI61: =IF(AND('Data Summary'!C188="PASS",AG61<>""),'Data - Sample Type 1'!HL60,"") -> 124.4 | AK61: =IF(AND('Data Summary'!C188="PASS",'Data - Sample Type 1'!HS60<>0),'Data - Sample Type 1'!HS60,"") -> 69.3 | AM61: =IF(AND('Data Summary'!C188="PASS",AK61<>""),'Data - Sample Type 1'!HT60,"") -> 80.6 | AO61: =IF('Data Summary'!C188="PASS",IF('Data - Sample Type 1'!DK60=0,"",'Data - Sample Type 1'!DK60),"") -> 23.3 | AQ61: =IF('Data Summary'!C188="PASS",IF('Data - Sample Type 1'!DY60=0,"",'Data - Sample Type 1'!DY60),"") -> 21.2 | AS61: =IF('Data Summary'!C188="PASS",IF('Data - Sample Type 1'!EM60=0,"",'Data - Sample Type 1'!EM60),"") -> 23.4
F62: =IF('Data Summary'!C84="PASS",IF('Data Summary'!A84="","",'Data - Sample Type 0'!Q61),"") -> 28.9 | K62: =IF(AND('Data Summary'!C189="PASS",'Data - Sample Type 1'!FO61<>0),'Data - Sample Type 1'!FO61,"") -> 75.9 | M62: =IF('Data Summary'!C189="PASS",IF('Data - Sample Type 1'!AE61=0,"",'Data - Sample Type 1'!AE61),"") -> 28.6 | O62: =IF(AND('Data Summary'!C189="PASS",'Data - Sample Type 1'!FW61<>0),'Data - Sample Type 1'!FW61,"") -> 73.4 | Q62: =IF(AND('Data Summary'!C189="PASS",O62<>""),'Data - Sample Type 1'!FX61,"") -> 88.4 | S62: =IF(AND('Data Summary'!C189="PASS",'Data - Sample Type 1'!GE61<>0),'Data - Sample Type 1'!GE61,"") -> 71.2 | U62: =IF(AND('Data Summary'!C189="PASS",S62<>""),'Data - Sample Type 1'!GF61,"") -> 213.1 | W62: =IF('Data Summary'!C189="PASS",IF('Data - Sample Type 1'!BG61=0,"",'Data - Sample Type 1'!BG61),"") -> 23.2 | Y62: =IF(AND('Data Summary'!C189="PASS",'Data - Sample Type 1'!GM61<>0),'Data - Sample Type 1'!GM61,"") -> 68.3 | AA62: =IF('Data Summary'!C189="PASS",IF('Data - Sample Type 1'!BU61=0,"",'Data - Sample Type 1'!BU61),"") -> 33.1 | AC62: =IF(AND('Data Summary'!C189="PASS",'Data - Sample Type 1'!HC61<>0),'Data - Sample Type 1'!HC61,"") -> 70.2 | AE62: =IF(AND('Data Summary'!C189="PASS",AC62<>""),'Data - Sample Type 1'!HD61,"") -> 64 | AG62: =IF(AND('Data Summary'!C189="PASS",'Data - Sample Type 1'!HK61<>0),'Data - Sample Type 1'!HK61,"") -> 70.8 | AI62: =IF(AND('Data Summary'!C189="PASS",AG62<>""),'Data - Sample Type 1'!HL61,"") -> 106.9 | AK62: =IF(AND('Data Summary'!C189="PASS",'Data - Sample Type 1'!HS61<>0),'Data - Sample Type 1'!HS61,"") -> 69.1 | AM62: =IF(AND('Data Summary'!C189="PASS",AK62<>""),'Data - Sample Type 1'!HT61,"") -> 80.1 | AO62: =IF('Data Summary'!C189="PASS",IF('Data - Sample Type 1'!DK61=0,"",'Data - Sample Type 1'!DK61),"") -> 26.4 | AQ62: =IF('Data Summary'!C189="PASS",IF('Data - Sample Type 1'!DY61=0,"",'Data - Sample Type 1'!DY61),"") -> 23.3 | AS62: =IF('Data Summary'!C189="PASS",IF('Data - Sample Type 1'!EM61=0,"",'Data - Sample Type 1'!EM61),"") -> 26.9
E63: 7 | F63: =IF('Data Summary'!C85="PASS",IF('Data Summary'!A85="","",'Data - Sample Type 0'!Q62),"") -> 27.3 | G63: =AVERAGE(F63:F72) -> 28 | K63: =IF(AND('Data Summary'!C190="PASS",'Data - Sample Type 1'!FO62<>0),'Data - Sample Type 1'!FO62,"") -> 75.9 | L63: =IF(AND(L59>=Specifications!$C$21,L59<=Specifications!$D$21),"PASS","FAIL") -> PASS | M63: =IF('Data Summary'!C190="PASS",IF('Data - Sample Type 1'!AE62=0,"",'Data - Sample Type 1'!AE62),"") -> 26.3 | N63: =IF(N59<=Specifications!D$22,"PASS","FAIL") -> PASS | O63: =IF(AND('Data Summary'!C190="PASS",'Data - Sample Type 1'!FW62<>0),'Data - Sample Type 1'!FW62,"") -> 73.4 | P63: =IF(AND(P59>=Specifications!$C$23,P59<=Specifications!$D$23),"PASS","FAIL") -> PASS | Q63: =IF(AND('Data Summary'!C190="PASS",O63<>""),'Data - Sample Type 1'!FX62,"") -> 78.2 | R63: FIO | S63: =IF(AND('Data Summary'!C190="PASS",'Data - Sample Type 1'!GE62<>0),'Data - Sample Type 1'!GE62,"") -> 71.3 | T63: =IF(AND(T59>=Specifications!$C$25,T59<=Specifications!$D$25),"PASS","FAIL") -> PASS | U63: =IF(AND('Data Summary'!C190="PASS",S63<>""),'Data - Sample Type 1'!GF62,"") -> 202 | V63: FIO | W63: =IF('Data Summary'!C190="PASS",IF('Data - Sample Type 1'!BG62=0,"",'Data - Sample Type 1'!BG62),"") -> 20.3 | X63: =IF(X59<=Specifications!D$27,"PASS","FAIL") -> PASS | Y63: =IF(AND('Data Summary'!C190="PASS",'Data - Sample Type 1'!GM62<>0),'Data - Sample Type 1'!GM62,"") -> 68.3 | Z63: =IF(AND(Z59>=Specifications!$C$28,Z59<=Specifications!$D$28),"PASS","FAIL") -> PASS | AA63: =IF('Data Summary'!C190="PASS",IF('Data - Sample Type 1'!BU62=0,"",'Data - Sample Type 1'!BU62),"") -> 30.3 | AB63: FIO | AC63: =IF(AND('Data Summary'!C190="PASS",'Data - Sample Type 1'!HC62<>0),'Data - Sample Type 1'!HC62,"") -> 70.3 | AD63: =IF(AND(AD59>=Specifications!$C$31,AD59<=Specifications!$D$31),"PASS","FAIL") -> PASS | AE63: =IF(AND('Data Summary'!C190="PASS",AC63<>""),'Data - Sample Type 1'!HD62,"") -> 69.9 | AF63: FIO | AG63: =IF(AND('Data Summary'!C190="PASS",'Data - Sample Type 1'!HK62<>0),'Data - Sample Type 1'!HK62,"") -> 70.9 | AH63: =IF(AND(AH59>=Specifications!$C$33,AH59<=Specifications!$D$33),"PASS","FAIL") -> PASS | AI63: =IF(AND('Data Summary'!C190="PASS",AG63<>""),'Data - Sample Type 1'!HL62,"") -> 105.5 | AJ63: FIO | AK63: =IF(AND('Data Summary'!C190="PASS",'Data - Sample Type 1'!HS62<>0),'Data - Sample Type 1'!HS62,"") -> 69.1 | AL63: =IF(AND(AL59>=Specifications!$C$35,AL59<=Specifications!$D$35),"PASS","FAIL") -> PASS | AM63: =IF(AND('Data Summary'!C190="PASS",AK63<>""),'Data - Sample Type 1'!HT62,"") -> 75.7 | AN63: FIO | AO63: =IF('Data Summary'!C190="PASS",IF('Data - Sample Type 1'!DK62=0,"",'Data - Sample Type 1'!DK62),"") -> 24.8 | AP63: =IF(AP59<=Specifications!$D$37,"PASS","FAIL") -> PASS | AQ63: =IF('Data Summary'!C190="PASS",IF('Data - Sample Type 1'!DY62=0,"",'Data - Sample Type 1'!DY62),"") -> 21.5 | AR63: =IF(AR59<=Specifications!$D$38,"PASS","FAIL") -> PASS | AS63: =IF('Data Summary'!C190="PASS",IF('Data - Sample Type 1'!EM62=0,"",'Data - Sample Type 1'!EM62),"") -> 26.8 | AT63: =IF(AT59<=Specifications!$D$39,"PASS","FAIL") -> PASS
F64: =IF('Data Summary'!C86="PASS",IF('Data Summary'!A86="","",'Data - Sample Type 0'!Q63),"") -> 29.5 | K64: =IF(AND('Data Summary'!C191="PASS",'Data - Sample Type 1'!FO63<>0),'Data - Sample Type 1'!FO63,"") -> 76.3 | M64: =IF('Data Summary'!C191="PASS",IF('Data - Sample Type 1'!AE63=0,"",'Data - Sample Type 1'!AE63),"") -> 33.3 | O64: =IF(AND('Data Summary'!C191="PASS",'Data - Sample Type 1'!FW63<>0),'Data - Sample Type 1'!FW63,"") -> 73.6 | Q64: =IF(AND('Data Summary'!C191="PASS",O64<>""),'Data - Sample Type 1'!FX63,"") -> 81.2 | S64: =IF(AND('Data Summary'!C191="PASS",'Data - Sample Type 1'!GE63<>0),'Data - Sample Type 1'!GE63,"") -> 71.4 | U64: =IF(AND('Data Summary'!C191="PASS",S64<>""),'Data - Sample Type 1'!GF63,"") -> 246.8 | W64: =IF('Data Summary'!C191="PASS",IF('Data - Sample Type 1'!BG63=0,"",'Data - Sample Type 1'!BG63),"") -> 28.2 | Y64: =IF(AND('Data Summary'!C191="PASS",'Data - Sample Type 1'!GM63<>0),'Data - Sample Type 1'!GM63,"") -> 68.7 | AA64: =IF('Data Summary'!C191="PASS",IF('Data - Sample Type 1'!BU63=0,"",'Data - Sample Type 1'!BU63),"") -> 35.7 | AC64: =IF(AND('Data Summary'!C191="PASS",'Data - Sample Type 1'!HC63<>0),'Data - Sample Type 1'!HC63,"") -> 70.3 | AE64: =IF(AND('Data Summary'!C191="PASS",AC64<>""),'Data - Sample Type 1'!HD63,"") -> 57.6 | AG64: =IF(AND('Data Summary'!C191="PASS",'Data - Sample Type 1'!HK63<>0),'Data - Sample Type 1'!HK63,"") -> 71 | AI64: =IF(AND('Data Summary'!C191="PASS",AG64<>""),'Data - Sample Type 1'!HL63,"") -> 104.3 | AK64: =IF(AND('Data Summary'!C191="PASS",'Data - Sample Type 1'!HS63<>0),'Data - Sample Type 1'!HS63,"") -> 69.5 | AM64: =IF(AND('Data Summary'!C191="PASS",AK64<>""),'Data - Sample Type 1'!HT63,"") -> 104.5 | AO64: =IF('Data Summary'!C191="PASS",IF('Data - Sample Type 1'!DK63=0,"",'Data - Sample Type 1'!DK63),"") -> 27.1 | AQ64: =IF('Data Summary'!C191="PASS",IF('Data - Sample Type 1'!DY63=0,"",'Data - Sample Type 1'!DY63),"") -> 25.5 | AS64: =IF('Data Summary'!C191="PASS",IF('Data - Sample Type 1'!EM63=0,"",'Data - Sample Type 1'!EM63),"") -> 27.6
F65: =IF('Data Summary'!C87="PASS",IF('Data Summary'!A87="","",'Data - Sample Type 0'!Q64),"") -> 28.7 | K65: =IF(AND('Data Summary'!C192="PASS",'Data - Sample Type 1'!FO64<>0),'Data - Sample Type 1'!FO64,"") -> 76 | M65: =IF('Data Summary'!C192="PASS",IF('Data - Sample Type 1'!AE64=0,"",'Data - Sample Type 1'!AE64),"") -> 25.4 | O65: =IF(AND('Data Summary'!C192="PASS",'Data - Sample Type 1'!FW64<>0),'Data - Sample Type 1'!FW64,"") -> 73.5 | Q65: =IF(AND('Data Summary'!C192="PASS",O65<>""),'Data - Sample Type 1'!FX64,"") -> 96.3 | S65: =IF(AND('Data Summary'!C192="PASS",'Data - Sample Type 1'!GE64<>0),'Data - Sample Type 1'!GE64,"") -> 71.3 | U65: =IF(AND('Data Summary'!C192="PASS",S65<>""),'Data - Sample Type 1'!GF64,"") -> 242.5 | W65: =IF('Data Summary'!C192="PASS",IF('Data - Sample Type 1'!BG64=0,"",'Data - Sample Type 1'!BG64),"") -> 23.5 | Y65: =IF(AND('Data Summary'!C192="PASS",'Data - Sample Type 1'!GM64<>0),'Data - Sample Type 1'!GM64,"") -> 68.4 | AA65: =IF('Data Summary'!C192="PASS",IF('Data - Sample Type 1'!BU64=0,"",'Data - Sample Type 1'!BU64),"") -> 30.2 | AC65: =IF(AND('Data Summary'!C192="PASS",'Data - Sample Type 1'!HC64<>0),'Data - Sample Type 1'!HC64,"") -> 70.2 | AE65: =IF(AND('Data Summary'!C192="PASS",AC65<>""),'Data - Sample Type 1'!HD64,"") -> 77.8 | AG65: =IF(AND('Data Summary'!C192="PASS",'Data - Sample Type 1'!HK64<>0),'Data - Sample Type 1'!HK64,"") -> 70.9 | AI65: =IF(AND('Data Summary'!C192="PASS",AG65<>""),'Data - Sample Type 1'!HL64,"") -> 130.1 | AK65: =IF(AND('Data Summary'!C192="PASS",'Data - Sample Type 1'!HS64<>0),'Data - Sample Type 1'!HS64,"") -> 69.2 | AM65: =IF(AND('Data Summary'!C192="PASS",AK65<>""),'Data - Sample Type 1'!HT64,"") -> 80.5 | AO65: =IF('Data Summary'!C192="PASS",IF('Data - Sample Type 1'!DK64=0,"",'Data - Sample Type 1'!DK64),"") -> 24.4 | AQ65: =IF('Data Summary'!C192="PASS",IF('Data - Sample Type 1'!DY64=0,"",'Data - Sample Type 1'!DY64),"") -> 21.9 | AS65: =IF('Data Summary'!C192="PASS",IF('Data - Sample Type 1'!EM64=0,"",'Data - Sample Type 1'!EM64),"") -> 27.1
F66: =IF('Data Summary'!C88="PASS",IF('Data Summary'!A88="","",'Data - Sample Type 0'!Q65),"") -> 26.2 | K66: =IF(AND('Data Summary'!C193="PASS",'Data - Sample Type 1'!FO65<>0),'Data - Sample Type 1'!FO65,"") -> 76.1 | M66: =IF('Data Summary'!C193="PASS",IF('Data - Sample Type 1'!AE65=0,"",'Data - Sample Type 1'!AE65),"") -> 23.7 | O66: =IF(AND('Data Summary'!C193="PASS",'Data - Sample Type 1'!FW65<>0),'Data - Sample Type 1'!FW65,"") -> 73.6 | Q66: =IF(AND('Data Summary'!C193="PASS",O66<>""),'Data - Sample Type 1'!FX65,"") -> 78.6 | S66: =IF(AND('Data Summary'!C193="PASS",'Data - Sample Type 1'!GE65<>0),'Data - Sample Type 1'!GE65,"") -> 71.3 | U66: =IF(AND('Data Summary'!C193="PASS",S66<>""),'Data - Sample Type 1'!GF65,"") -> 225.7 | W66: =IF('Data Summary'!C193="PASS",IF('Data - Sample Type 1'!BG65=0,"",'Data - Sample Type 1'!BG65),"") -> 22.7 | Y66: =IF(AND('Data Summary'!C193="PASS",'Data - Sample Type 1'!GM65<>0),'Data - Sample Type 1'!GM65,"") -> 68.5 | AA66: =IF('Data Summary'!C193="PASS",IF('Data - Sample Type 1'!BU65=0,"",'Data - Sample Type 1'!BU65),"") -> 28.6 | AC66: =IF(AND('Data Summary'!C193="PASS",'Data - Sample Type 1'!HC65<>0),'Data - Sample Type 1'!HC65,"") -> 70.2 | AE66: =IF(AND('Data Summary'!C193="PASS",AC66<>""),'Data - Sample Type 1'!HD65,"") -> 93.6 | AG66: =IF(AND('Data Summary'!C193="PASS",'Data - Sample Type 1'!HK65<>0),'Data - Sample Type 1'!HK65,"") -> 70.9 | AI66: =IF(AND('Data Summary'!C193="PASS",AG66<>""),'Data - Sample Type 1'!HL65,"") -> 155 | AK66: =IF(AND('Data Summary'!C193="PASS",'Data - Sample Type 1'!HS65<>0),'Data - Sample Type 1'!HS65,"") -> 69.3 | AM66: =IF(AND('Data Summary'!C193="PASS",AK66<>""),'Data - Sample Type 1'!HT65,"") -> 77.3 | AO66: =IF('Data Summary'!C193="PASS",IF('Data - Sample Type 1'!DK65=0,"",'Data - Sample Type 1'!DK65),"") -> 24 | AQ66: =IF('Data Summary'!C193="PASS",IF('Data - Sample Type 1'!DY65=0,"",'Data - Sample Type 1'!DY65),"") -> 20.4 | AS66: =IF('Data Summary'!C193="PASS",IF('Data - Sample Type 1'!EM65=0,"",'Data - Sample Type 1'!EM65),"") -> 41.2
E67: 7 | F67: =IF('Data Summary'!C89="PASS",IF('Data Summary'!A89="","",'Data - Sample Type 0'!Q66),"") -> 27.2 | J67: 9 | K67: =IF(AND('Data Summary'!C194="PASS",'Data - Sample Type 1'!FO66<>0),'Data - Sample Type 1'!FO66,"") -> 76.1 | L67: =AVERAGE(K67:K74) -> 76.125 | M67: =IF('Data Summary'!C194="PASS",IF('Data - Sample Type 1'!AE66=0,"",'Data - Sample Type 1'!AE66),"") -> 25.3 | N67: =AVERAGE(M67:M74) -> 24.4 | O67: =IF(AND('Data Summary'!C194="PASS",'Data - Sample Type 1'!FW66<>0),'Data - Sample Type 1'!FW66,"") -> 73.6 | P67: =AVERAGE(O67:O74) -> 73.5875 | Q67: =IF(AND('Data Summary'!C194="PASS",O67<>""),'Data - Sample Type 1'!FX66,"") -> 108.5 | R67: =AVERAGE(Q67:Q74) -> 90.0625 | S67: =IF(AND('Data Summary'!C194="PASS",'Data - Sample Type 1'!GE66<>0),'Data - Sample Type 1'!GE66,"") -> 71.3 | T67: =AVERAGE(S67:S74) -> 71.3375 | U67: =IF(AND('Data Summary'!C194="PASS",S67<>""),'Data - Sample Type 1'!GF66,"") -> 283.4 | V67: =AVERAGE(U67:U74) -> 224.475 | W67: =IF('Data Summary'!C194="PASS",IF('Data - Sample Type 1'!BG66=0,"",'Data - Sample Type 1'!BG66),"") -> 23 | X67: =AVERAGE(W67:W74) -> 20.9875 | Y67: =IF(AND('Data Summary'!C194="PASS",'Data - Sample Type 1'!GM66<>0),'Data - Sample Type 1'!GM66,"") -> 68.5 | Z67: =AVERAGE(Y67:Y74) -> 68.5 | AA67: =IF('Data Summary'!C194="PASS",IF('Data - Sample Type 1'!BU66=0,"",'Data - Sample Type 1'!BU66),"") -> 29.4 | AB67: =AVERAGE(AA67:AA74) -> 28.675 | AC67: =IF(AND('Data Summary'!C194="PASS",'Data - Sample Type 1'!HC66<>0),'Data - Sample Type 1'!HC66,"") -> 70.3 | AD67: =AVERAGE(AC67:AC74) -> 70.4 | AE67: =IF(AND('Data Summary'!C194="PASS",AC67<>""),'Data - Sample Type 1'!HD66,"") -> 88.1 | AF67: =AVERAGE(AE67:AE74) -> 83.375 | AG67: =IF(AND('Data Summary'!C194="PASS",'Data - Sample Type 1'!HK66<>0),'Data - Sample Type 1'!HK66,"") -> 70.9 | AH67: =AVERAGE(AG67:AG74) -> 70.975 | AI67: =IF(AND('Data Summary'!C194="PASS",AG67<>""),'Data - Sample Type 1'!HL66,"") -> 154.4 | AJ67: =AVERAGE(AI67:AI74) -> 130.7 | AK67: =IF(AND('Data Summary'!C194="PASS",'Data - Sample Type 1'!HS66<>0),'Data - Sample Type 1'!HS66,"") -> 69.3 | AL67: =AVERAGE(AK67:AK74) -> 69.2875 | AM67: =IF(AND('Data Summary'!C194="PASS",AK67<>""),'Data - Sample Type 1'!HT66,"") -> 87.9 | AN67: =AVERAGE(AM67:AM74) -> 81.0875 | AO67: =IF('Data Summary'!C194="PASS",IF('Data - Sample Type 1'!DK66=0,"",'Data - Sample Type 1'!DK66),"") -> 24 | AP67: =AVERAGE(AO67:AO74) -> 23.35 | AQ67: =IF('Data Summary'!C194="PASS",IF('Data - Sample Type 1'!DY66=0,"",'Data - Sample Type 1'!DY66),"") -> 21.5 | AR67: =AVERAGE(AQ67:AQ74) -> 20.5875 | AS67: =IF('Data Summary'!C194="PASS",IF('Data - Sample Type 1'!EM66=0,"",'Data - Sample Type 1'!EM66),"") -> 24.5 | AT67: =AVERAGE(AS67:AS74) -> 24.4875
F68: =IF('Data Summary'!C90="PASS",IF('Data Summary'!A90="","",'Data - Sample Type 0'!Q67),"") -> 27.3 | G68: =IF(G63<=Specifications!$G$20,"PASS","FAIL") -> PASS | K68: =IF(AND('Data Summary'!C195="PASS",'Data - Sample Type 1'!FO67<>0),'Data - Sample Type 1'!FO67,"") -> 76.2 | M68: =IF('Data Summary'!C195="PASS",IF('Data - Sample Type 1'!AE67=0,"",'Data - Sample Type 1'!AE67),"") -> 24.6 | O68: =IF(AND('Data Summary'!C195="PASS",'Data - Sample Type 1'!FW67<>0),'Data - Sample Type 1'!FW67,"") -> 73.7 | Q68: =IF(AND('Data Summary'!C195="PASS",O68<>""),'Data - Sample Type 1'!FX67,"") -> 117 | S68: =IF(AND('Data Summary'!C195="PASS",'Data - Sample Type 1'!GE67<>0),'Data - Sample Type 1'!GE67,"") -> 71.4 | U68: =IF(AND('Data Summary'!C195="PASS",S68<>""),'Data - Sample Type 1'!GF67,"") -> 242.7 | W68: =IF('Data Summary'!C195="PASS",IF('Data - Sample Type 1'!BG67=0,"",'Data - Sample Type 1'!BG67),"") -> 22.1 | Y68: =IF(AND('Data Summary'!C195="PASS",'Data - Sample Type 1'!GM67<>0),'Data - Sample Type 1'!GM67,"") -> 68.7 | AA68: =IF('Data Summary'!C195="PASS",IF('Data - Sample Type 1'!BU67=0,"",'Data - Sample Type 1'!BU67),"") -> 29 | AC68: =IF(AND('Data Summary'!C195="PASS",'Data - Sample Type 1'!HC67<>0),'Data - Sample Type 1'!HC67,"") -> 70.4 | AE68: =IF(AND('Data Summary'!C195="PASS",AC68<>""),'Data - Sample Type 1'!HD67,"") -> 93.6 | AG68: =IF(AND('Data Summary'!C195="PASS",'Data - Sample Type 1'!HK67<>0),'Data - Sample Type 1'!HK67,"") -> 71 | AI68: =IF(AND('Data Summary'!C195="PASS",AG68<>""),'Data - Sample Type 1'!HL67,"") -> 149.7 | AK68: =IF(AND('Data Summary'!C195="PASS",'Data - Sample Type 1'!HS67<>0),'Data - Sample Type 1'!HS67,"") -> 69.5 | AM68: =IF(AND('Data Summary'!C195="PASS",AK68<>""),'Data - Sample Type 1'!HT67,"") -> 88.4 | AO68: =IF('Data Summary'!C195="PASS",IF('Data - Sample Type 1'!DK67=0,"",'Data - Sample Type 1'!DK67),"") -> 23.9 | AQ68: =IF('Data Summary'!C195="PASS",IF('Data - Sample Type 1'!DY67=0,"",'Data - Sample Type 1'!DY67),"") -> 20.9 | AS68: =IF('Data Summary'!C195="PASS",IF('Data - Sample Type 1'!EM67=0,"",'Data - Sample Type 1'!EM67),"") -> 24.5
F69: =IF('Data Summary'!C91="PASS",IF('Data Summary'!A91="","",'Data - Sample Type 0'!Q68),"") -> 29.9 | K69: =IF(AND('Data Summary'!C196="PASS",'Data - Sample Type 1'!FO68<>0),'Data - Sample Type 1'!FO68,"") -> 76.3 | M69: =IF('Data Summary'!C196="PASS",IF('Data - Sample Type 1'!AE68=0,"",'Data - Sample Type 1'!AE68),"") -> 25.2 | O69: =IF(AND('Data Summary'!C196="PASS",'Data - Sample Type 1'!FW68<>0),'Data - Sample Type 1'!FW68,"") -> 73.7 | Q69: =IF(AND('Data Summary'!C196="PASS",O69<>""),'Data - Sample Type 1'!FX68,"") -> 89.2 | S69: =IF(AND('Data Summary'!C196="PASS",'Data - Sample Type 1'!GE68<>0),'Data - Sample Type 1'!GE68,"") -> 71.5 | U69: =IF(AND('Data Summary'!C196="PASS",S69<>""),'Data - Sample Type 1'!GF68,"") -> 220.7 | W69: =IF('Data Summary'!C196="PASS",IF('Data - Sample Type 1'!BG68=0,"",'Data - Sample Type 1'!BG68),"") -> 20.6 | Y69: =IF(AND('Data Summary'!C196="PASS",'Data - Sample Type 1'!GM68<>0),'Data - Sample Type 1'!GM68,"") -> 68.7 | AA69: =IF('Data Summary'!C196="PASS",IF('Data - Sample Type 1'!BU68=0,"",'Data - Sample Type 1'!BU68),"") -> 29.1 | AC69: =IF(AND('Data Summary'!C196="PASS",'Data - Sample Type 1'!HC68<>0),'Data - Sample Type 1'!HC68,"") -> 70.4 | AE69: =IF(AND('Data Summary'!C196="PASS",AC69<>""),'Data - Sample Type 1'!HD68,"") -> 82.5 | AG69: =IF(AND('Data Summary'!C196="PASS",'Data - Sample Type 1'!HK68<>0),'Data - Sample Type 1'!HK68,"") -> 71.1 | AI69: =IF(AND('Data Summary'!C196="PASS",AG69<>""),'Data - Sample Type 1'!HL68,"") -> 162 | AK69: =IF(AND('Data Summary'!C196="PASS",'Data - Sample Type 1'!HS68<>0),'Data - Sample Type 1'!HS68,"") -> 69.5 | AM69: =IF(AND('Data Summary'!C196="PASS",AK69<>""),'Data - Sample Type 1'!HT68,"") -> 84.6 | AO69: =IF('Data Summary'!C196="PASS",IF('Data - Sample Type 1'!DK68=0,"",'Data - Sample Type 1'!DK68),"") -> 23.7 | AQ69: =IF('Data Summary'!C196="PASS",IF('Data - Sample Type 1'!DY68=0,"",'Data - Sample Type 1'!DY68),"") -> 20.7 | AS69: =IF('Data Summary'!C196="PASS",IF('Data - Sample Type 1'!EM68=0,"",'Data - Sample Type 1'!EM68),"") -> 24.8
F70: =IF('Data Summary'!C92="PASS",IF('Data Summary'!A92="","",'Data - Sample Type 0'!Q69),"") -> 27.3 | K70: =IF(AND('Data Summary'!C197="PASS",'Data - Sample Type 1'!FO69<>0),'Data - Sample Type 1'!FO69,"") -> 76.1 | M70: =IF('Data Summary'!C197="PASS",IF('Data - Sample Type 1'!AE69=0,"",'Data - Sample Type 1'!AE69),"") -> 22.5 | O70: =IF(AND('Data Summary'!C197="PASS",'Data - Sample Type 1'!FW69<>0),'Data - Sample Type 1'!FW69,"") -> 73.6 | Q70: =IF(AND('Data Summary'!C197="PASS",O70<>""),'Data - Sample Type 1'!FX69,"") -> 69.2 | S70: =IF(AND('Data Summary'!C197="PASS",'Data - Sample Type 1'!GE69<>0),'Data - Sample Type 1'!GE69,"") -> 71.4 | U70: =IF(AND('Data Summary'!C197="PASS",S70<>""),'Data - Sample Type 1'!GF69,"") -> 193 | W70: =IF('Data Summary'!C197="PASS",IF('Data - Sample Type 1'!BG69=0,"",'Data - Sample Type 1'!BG69),"") -> 18.8 | Y70: =IF(AND('Data Summary'!C197="PASS",'Data - Sample Type 1'!GM69<>0),'Data - Sample Type 1'!GM69,"") -> 68.4 | AA70: =IF('Data Summary'!C197="PASS",IF('Data - Sample Type 1'!BU69=0,"",'Data - Sample Type 1'!BU69),"") -> 26.7 | AC70: =IF(AND('Data Summary'!C197="PASS",'Data - Sample Type 1'!HC69<>0),'Data - Sample Type 1'!HC69,"") -> 70.6 | AE70: =IF(AND('Data Summary'!C197="PASS",AC70<>""),'Data - Sample Type 1'!HD69,"") -> 82.5 | AG70: =IF(AND('Data Summary'!C197="PASS",'Data - Sample Type 1'!HK69<>0),'Data - Sample Type 1'!HK69,"") -> 71.1 | AI70: =IF(AND('Data Summary'!C197="PASS",AG70<>""),'Data - Sample Type 1'!HL69,"") -> 106.4 | AK70: =IF(AND('Data Summary'!C197="PASS",'Data - Sample Type 1'!HS69<>0),'Data - Sample Type 1'!HS69,"") -> 69.2 | AM70: =IF(AND('Data Summary'!C197="PASS",AK70<>""),'Data - Sample Type 1'!HT69,"") -> 71.7 | AO70: =IF('Data Summary'!C197="PASS",IF('Data - Sample Type 1'!DK69=0,"",'Data - Sample Type 1'!DK69),"") -> 22.5 | AQ70: =IF('Data Summary'!C197="PASS",IF('Data - Sample Type 1'!DY69=0,"",'Data - Sample Type 1'!DY69),"") -> 19.4 | AS70: =IF('Data Summary'!C197="PASS",IF('Data - Sample Type 1'!EM69=0,"",'Data - Sample Type 1'!EM69),"") -> 23.1
F71: =IF('Data Summary'!C93="PASS",IF('Data Summary'!A93="","",'Data - Sample Type 0'!Q70),"") -> 28.9 | K71: =IF(AND('Data Summary'!C198="PASS",'Data - Sample Type 1'!FO70<>0),'Data - Sample Type 1'!FO70,"") -> 75.9 | L71: =IF(AND(L67>=Specifications!$C$21,L67<=Specifications!$D$21),"PASS","FAIL") -> PASS | M71: =IF('Data Summary'!C198="PASS",IF('Data - Sample Type 1'!AE70=0,"",'Data - Sample Type 1'!AE70),"") -> 25 | N71: =IF(N67<=Specifications!D$22,"PASS","FAIL") -> PASS | O71: =IF(AND('Data Summary'!C198="PASS",'Data - Sample Type 1'!FW70<>0),'Data - Sample Type 1'!FW70,"") -> 73.4 | P71: =IF(AND(P67>=Specifications!$C$23,P67<=Specifications!$D$23),"PASS","FAIL") -> PASS | Q71: =IF(AND('Data Summary'!C198="PASS",O71<>""),'Data - Sample Type 1'!FX70,"") -> 78.2 | R71: FIO | S71: =IF(AND('Data Summary'!C198="PASS",'Data - Sample Type 1'!GE70<>0),'Data - Sample Type 1'!GE70,"") -> 71.2 | T71: =IF(AND(T67>=Specifications!$C$25,T67<=Specifications!$D$25),"PASS","FAIL") -> PASS | U71: =IF(AND('Data Summary'!C198="PASS",S71<>""),'Data - Sample Type 1'!GF70,"") -> 204.5 | V71: FIO | W71: =IF('Data Summary'!C198="PASS",IF('Data - Sample Type 1'!BG70=0,"",'Data - Sample Type 1'!BG70),"") -> 20.1 | X71: =IF(X67<=Specifications!D$27,"PASS","FAIL") -> PASS | Y71: =IF(AND('Data Summary'!C198="PASS",'Data - Sample Type 1'!GM70<>0),'Data - Sample Type 1'!GM70,"") -> 68.3 | Z71: =IF(AND(Z67>=Specifications!$C$28,Z67<=Specifications!$D$28),"PASS","FAIL") -> PASS | AA71: =IF('Data Summary'!C198="PASS",IF('Data - Sample Type 1'!BU70=0,"",'Data - Sample Type 1'!BU70),"") -> 29 | AB71: FIO | AC71: =IF(AND('Data Summary'!C198="PASS",'Data - Sample Type 1'!HC70<>0),'Data - Sample Type 1'!HC70,"") -> 70.4 | AD71: =IF(AND(AD67>=Specifications!$C$31,AD67<=Specifications!$D$31),"PASS","FAIL") -> PASS | AE71: =IF(AND('Data Summary'!C198="PASS",AC71<>""),'Data - Sample Type 1'!HD70,"") -> 76.2 | AF71: FIO | AG71: =IF(AND('Data Summary'!C198="PASS",'Data - Sample Type 1'!HK70<>0),'Data - Sample Type 1'!HK70,"") -> 70.9 | AH71: =IF(AND(AH67>=Specifications!$C$33,AH67<=Specifications!$D$33),"PASS","FAIL") -> PASS | AI71: =IF(AND('Data Summary'!C198="PASS",AG71<>""),'Data - Sample Type 1'!HL70,"") -> 112.8 | AJ71: FIO | AK71: =IF(AND('Data Summary'!C198="PASS",'Data - Sample Type 1'!HS70<>0),'Data - Sample Type 1'!HS70,"") -> 69.1 | AL71: =IF(AND(AL67>=Specifications!$C$35,AL67<=Specifications!$D$35),"PASS","FAIL") -> PASS | AM71: =IF(AND('Data Summary'!C198="PASS",AK71<>""),'Data - Sample Type 1'!HT70,"") -> 82.6 | AN71: FIO | AO71: =IF('Data Summary'!C198="PASS",IF('Data - Sample Type 1'!DK70=0,"",'Data - Sample Type 1'!DK70),"") -> 23.6 | AP71: =IF(AP67<=Specifications!$D$37,"PASS","FAIL") -> PASS | AQ71: =IF('Data Summary'!C198="PASS",IF('Data - Sample Type 1'!DY70=0,"",'Data - Sample Type 1'!DY70),"") -> 20.5 | AR71: =IF(AR67<=Specifications!$D$38,"PASS","FAIL") -> PASS | AS71: =IF('Data Summary'!C198="PASS",IF('Data - Sample Type 1'!EM70=0,"",'Data - Sample Type 1'!EM70),"") -> 24.9 | AT71: =IF(AT67<=Specifications!$D$39,"PASS","FAIL") -> PASS
